Fee,Shivell,1998,Crimson,1996,Econoline E250
Creighton,Castagne,2012,Violet,1993,Genesis
Dyan,Smails,2000,Green,1987,Taurus
Raimundo,Woakes,2002,Blue,2010,Z8
Aliza,Shurman,2010,Violet,2012,Legacy
Thacher,LaBastida,1990,Turquoise,1987,929
Crystal,Ellph,1992,Turquoise,2007,Trans Sport
Ceciley,Lauritsen,2005,Teal,2006,GranSport
Happy,Borwick,1995,Khaki,1993,Aurora
Chandler,Macia,2007,Crimson,2009,Ram 3500
Casi,Kermeen,1996,Goldenrod,2005,Passport
Krystyna,Amery,1997,Khaki,1990,Econoline E150
Allx,Spinke,2004,Orange,2002,545
Norina,McCumesky,1992,Aquamarine,2009,100
Tadeo,Safhill,2008,Mauv,2006,F150
Abba,Hubbucks,1997,Pink,1999,Grand Marquis
Lauretta,Crepin,1976,Teal,2001,Grand Prix
Thaine,Cutts,1996,Yellow,1985,98
Marlow,Measom,2010,Green,2007,Grand Vitara
Kerri,Sex,1964,Red,1998,Mustang
Morgana,Akram,2010,Green,1987,Type-1h
Cyrille,Jeacocke,1986,Goldenrod,2007,5000CS Quattro
Karoline,Lumm,2002,Red,2010,SL-Class
Florida,McRae,2000,Pink,2012,Envoy
Elfrieda,Gait,1993,Violet,2010,Safari
Averill,Slamaker,1993,Teal,2006,Fifth Ave
Ev,Yendall,2009,Blue,2004,Corolla
Bambi,Lambertson,2007,Orange,1977,Sportage
Vivianna,Janney,1994,Yellow,2000,Regal
Alvira,Leneve,1991,Orange,1994,Roadmaster
Etti,Woodfield,2004,Pink,2004,Town Car
Giovanni,Law,2006,Goldenrod,1993,207
Melessa,Boyle,1999,Violet,2008,SLK-Class
Estevan,Piscopiello,2006,Indigo,1992,G55 AMG
Parker,Blaszczynski,2011,Fuscia,1998,Fiesta
Ervin,Craft,2000,Green,2011,XJ Series
Berrie,Brand,2009,Violet,2006,Q5
Harland,Bedding,1993,Goldenrod,2002,DeVille
Sherm,Yerrell,1999,Aquamarine,2005,Riviera
Ali,Geleman,2002,Blue,1993,Protege
Ave,Thornally,1992,Green,1992,Safari
Rosene,Swettenham,2001,Violet,1994,E-Series
Chandler,Carwardine,2006,Turquoise,1999,S-Class
Olivier,Stollsteimer,2003,Pink,2007,S6
Garner,Bodleigh,2004,Orange,2011,Grand Cherokee
Job,Maudling,2012,Mauv,1992,Avalon
Morry,Whitfield,1997,Pink,1988,Riviera
Merrick,Reedie,2003,Green,1965,Matrix
Keefer,Dobney,1994,Khaki,2000,Quest
Effie,Brigman,1995,Crimson,2002,Paseo
