Gaby,Hiom,2000
Amye,Ledgley,2011
Gaylor,Blissett,2004
Mommy,O'Dowling,1993
Lennie,Ghest,2008
Seymour,Wittleton,2010
Ara,MacLeod,2002
Sharona,MacFie,2007
Gabriella,Undrill,2005
Cody,Christophle,2008
Rowen,Creeber,1984
Evelin,Godain,1999
Augustin,Bulter,1990
Madelon,Matusson,2009
Dayle,Biggadike,2011
Wiatt,Castellino,2002
Stanislaus,Stobbs,1997
Ninette,Basile,1994
Avivah,Acutt,2003
Annice,Limpenny,1991
Tulley,Dineges,2003
Fields,Cornejo,1992
Toinette,Meo,2002
Sorcha,Dael,1998
Corbie,Eliez,1990
Caddric,Croom,1988
Bobbe,Stockney,2010
Parry,Petrou,2000
Thatch,Berkeley,2006
Reamonn,Pettegre,2002
Vickie,Sive,2003
Morgan,Figgen,2010
Stormi,Cadany,2008
Marchall,Huddlestone,2001
Demott,Cozins,1992
Coralyn,Yeowell,1987
Kizzie,Hatcher,2005
Helga,Lamboll,1998
Rory,Grastye,2004
Bay,Permain,1992
Cullen,Gregg,1999
Angelle,Gabel,2009
Sharlene,Tuff,2013
Douglass,Thirsk,1991
Lavinie,Dowbekin,2011
Stephannie,Henriquet,2001
Demetri,Gianolo,2010
Michelina,Gaythor,2006
Grethel,Grushin,1993
Brittan,Feldhorn,1986
Luciano,Eyckel,1989
Vickie,Lovering,2007
Birch,Meehan,2011
Alfie,Bollom,1995
Ester,Pulsford,2009
Algernon,Ranklin,1992
Germayne,Malthus,1987
Catlin,Keyzman,1998
Cristian,Clague,1997
Neil,Durie,2000
Ramon,Kilgallon,1993
Powell,Grinnikov,1999
Vassili,Ciccottini,2007
Tann,Cainey,2001
Winn,Tinto,2008
Caresa,Tremollet,1987
Ethelbert,Slaten,1998
Aldis,Hamil,2001
Zulema,Starmer,2002
Shelley,Petzold,2010
Florina,Berridge,2011
Aura,Leaman,2011
Calli,Jouannin,1992
Vannie,Greally,1999
Maury,Rosendahl,2011
Fayre,Froom,2011
Nickola,Ottiwill,2001
Fields,Corking,1985
Sandor,McWhirter,1969
Johnette,Livezley,2002
Maisey,Dibson,1994
Sibilla,Wilkowski,2006
Conway,Lambell,1999
Lexy,Fitchett,2007
Chanda,Bunce,1998
Frankie,Hinnerk,2011
Westbrook,Picardo,1999
Blair,Langstaff,2011
Angel,Tumber,2006
Babara,Dimbleby,2009
Ivor,De Blase,1999
Faustine,Baniard,1995
Mitchel,Geipel,2000
Heddie,Theze,2006
Myrtice,Dover,1993
Gian,McFaul,1991
Maddie,De Marchi,1986
Salaidh,Margerrison,2000
Dori,Ishchenko,2009
Eugenie,Henric,2012
Seymour,MacKaile,1996
Lucien,Parriss,2006
Reinhold,McMonnies,2006
Kiri,Stenet,1995
Ingar,Londsdale,1995
Hart,Ughini,1997
Beatrix,Danbi,2007
Garreth,Wesley,2000
Fredrika,Keddie,1975
Clarie,Biddell,1993
Archambault,Molyneux,2010
Taddeusz,Annion,1983
Courtenay,Newey,2001
Hunter,Tomlinson,1985
Constantine,Jugging,1996
Garik,Rushmare,1993
Clayson,McLleese,2000
Nadia,Dow,1999
Catlee,Bradnock,2010
Clotilda,Tysack,2008
Elisabeth,Tallent,2005
Sharai,Fitchet,2011
Albert,Iskower,1996
Torrence,Duddell,2003
Breanne,Issard,1999
Agretha,Crosson,2003
Randie,Renish,2001
Michaelina,Dunstan,1998
Marilyn,Lorkings,2008
Cordell,Karpushkin,2004
Flora,Lightowler,1997
Even,St. Leger,2006
Galvan,Pohls,1999
Cass,Bennetto,1997
Lavinia,Jestico,2011
Zelda,Laslett,1997
Elsi,Campbell,1989
Verina,Bence,1999
Manya,Donlon,1985
Danielle,Gilham,1992
Damon,Rosenfield,2010
Cherish,Gutowska,1999
Sharyl,Whitear,2001
Padgett,Waddilove,2005
Justine,Marklew,1991
Erica,Girth,2011
Ulrich,Viel,2012
Milty,Attwoul,2001
Aile,Liepina,1993
Morty,Hanster,1995
Lettie,Robardley,1995
Bobbie,Pickworth,1995
Johny,Treharne,2003
Adrian,Denizet,2011
Lauralee,Knapman,2000
Corene,Oluwatoyin,2002
Faun,Olliver,1999
Beverly,Bellfield,2004
Valentin,Gauche,1985
Clint,Wiggall,1999
Carola,Tatterton,2012
Emili,Greenroad,1979
Margette,Yglesia,1999
Elwira,Purveys,1966
Jacqui,Sandison,2007
Hedvig,Watsham,1995
Hayden,Martinat,1989
Abrahan,Hatcher,2012
Tildi,Dearlove,2004
Vail,Negri,1995
Edita,Noble,2009
Ellwood,Boick,2008
Kimball,Worsalls,2010
Rog,Drysdale,2001
Kenn,Routh,2012
Adena,Pennick,2008
Herrick,Dowbakin,1997
Kellen,Ganter,2007
Ina,Dibsdale,2003
Francklyn,Bellino,2003
Farand,Hickenbottom,2010
Rani,Congrave,1993
Daisy,Doidge,1992
Heriberto,Ioan,2001
Graehme,Peele,2011
Camellia,Maly,2007
Jeremias,Felgat,2009
Bentley,de Keep,2003
Lincoln,Byneth,1996
Kristofor,Dubbin,2006
Aristotle,Skells,1991
Austina,Pollitt,2003
Feodora,Chell,2013
Harley,Brownlow,2011
Lowrance,Rossiter,1994
Kendre,de Guise,2012
Sherwin,Ough,2006
Puff,Meltetal,1995
Findlay,Redmond,1990
Genia,Eubank,1997
Lacy,Figure,2009
Iver,Parbrook,2011
Jamaal,Lownds,2008
Padraic,Ayscough,2008
Demetrius,Urpeth,2007
Donn,Manklow,2012
Victor,Belcher,1987
Page,Haken,2000
Deloris,Walster,2012
Carly,Churchman,1993
Herschel,Wiz,2000
Nedda,Vaan,2011
Evelin,Benbough,2009
Constance,Coverly,2012
Vivienne,Pepys,1993
Osgood,Frissell,2007
Edouard,Biddles,1994
Demott,Davidsson,1992
Sydelle,Bickerdyke,2011
Kyle,Linggood,2009
Hi,Tiddy,1997
Temp,Casbolt,2001
Camel,Windows,2005
Enrichetta,Douch,1997
Jandy,Wyborn,2007
Willey,Mulvin,2008
Dredi,Wyon,2004
Nicolis,Wagenen,1992
Cecilio,Simek,2006
Emmalynn,Crighton,1989
Allix,McCreery,1998
Byrle,Speachley,2007
Guenna,Hostan,1988
Kaile,Hansed,2006
Isaiah,Ganning,1995
Cara,Pena,2004
Bay,Riepl,2002
Dicky,Imlacke,2012
Zora,Ygou,1986
Dulcia,Bairstow,2000
Herc,Staterfield,1987
Damita,Downing,1992
Dorette,Argo,1994
Sutton,Eschalette,1993
Zelma,Eldrid,2010
Livy,Manass,1999
Ric,Ruggles,1992
Ermengarde,Lemary,2004
Staci,Bonwell,1985
Katerina,MacMoyer,1995
Leonardo,O'Shevlin,1987
Ivar,Wimpenny,2001
Blinni,O'Lehane,1995
Obed,Mackilpatrick,1995
Edward,Lindl,2010
Zsazsa,Burdin,1996
Daune,Darby,2005
Lynett,Bordessa,2011
Lisette,Ciepluch,2010
Hinze,Nias,2008
Alice,Chew,1998
Wes,Girkins,2007
Alister,Waldera,2010
Alexandrina,Surgenor,2000
Larine,Giotto,2010
Yanaton,Knoton,2009
Agnola,Dunstan,2011
Lonny,Keel,1997
Sloane,Von Gladbach,2007
Nefen,Rashleigh,2000
Mallory,Filkov,2003
Constance,Heathcott,2009
Devora,MacQuaker,1993
Laurens,Gladbeck,2008
Conney,Amiranda,1984
Wenda,Yerrall,1985
Viviene,Capper,1992
Elena,Berkely,2000
Olwen,Pearman,2004
Joell,Cady,2008
Rodina,Duerdin,2002
Veda,Measures,2002
Colly,Klemps,1993
Shanan,Richardes,1995
Baudoin,Bellefonte,2006
Coleman,Van der Kruys,1995
Lil,Beringer,2005
Alverta,Gypson,1986
Andi,Brosetti,1994
Hazlett,Donovin,2002
Roby,Mougin,1998
Carissa,Garvan,2005
Wenona,Wakeham,2003
Fransisco,Comolli,2006
Johnathan,Ollett,2004
Louise,Rebichon,2003
Claribel,Gudeman,2010
Pippy,Pennini,1988
Pearla,Bogie,2007
Ignacio,Munkton,1997
Mara,Oag,2008
Dorian,Peegrem,2012
Beck,Godden,2009
Tracie,Collibear,1990
Dermot,McGuirk,1985
Richmond,Gentil,1994
Vernor,Yearnsley,1995
Hallie,Goodspeed,2007
Georgiana,Blackett,1997
Staford,Adamovich,2012
Caddric,Lomasney,1997
Whitman,Killich,1983
Leena,Clementel,1990
Elonore,Janzen,2012
Andriette,Revan,2001
Saraann,Ginsie,2000
Dannie,Rotlauf,1993
Ricki,Parke,2005
Tuckie,Stainland,2004
Melli,Primrose,2003
Kelbee,Pinkett,1993
Fabien,Brezlaw,2007
Padgett,Skittrell,2005
Stacee,Severn,1997
Phylis,Duquesnay,2004
Dede,Wolfenden,1993
Gabrila,Borleace,1993
Nichols,Gemmell,1987
Ramon,Schirok,2011
Winonah,Nash,2012
Blisse,McClory,2004
Nikolas,Gomes,2002
Mechelle,Penton,1995
Homerus,Le Marchant,2012
Tammie,Carleman,1987
Peder,Van Der Vlies,2004
Packston,Affron,1989
Denny,Garland,2003
Rolfe,Dennington,2012
Sibbie,Lamey,2007
Bibi,Speechly,2005
Lanie,Kubyszek,1992
Kittie,Marvin,2006
Carlie,Reynault,1998
Domenico,Faucherand,1998
Free,Gegay,2012
Carlyle,Caulkett,2003
Minerva,Helsby,2002
Thom,Gibbon,1984
Herc,Peters,2005
Orin,McGrory,2010
Iormina,Poll,1992
Moritz,Maffione,1995
Antons,Dudliston,2004
Thaine,Skough,1992
Osbourn,Yukhnin,1986
Gram,Loft,2007
Livia,Brendel,1989
Kory,Hinze,2009
Tine,Roskams,1996
Charlotta,Hamill,2009
Filip,Pharro,1995
Marcelle,Frain,2006
Kerrie,Mugridge,2007
Kayla,Cavy,2004
Delly,Barkworth,2004
Verne,Thumann,2010
Annabel,Jindrak,2005
Kim,Regitz,2003
Stephi,Gyurko,2010
Ofilia,Merwood,2004
Huey,Troubridge,1994
Barthel,Heatlie,2004
Catlin,Tadlow,1994
Amaleta,Bedells,2010
Raimondo,Petr,2005
Daria,Smoth,1995
Agathe,Surcombe,2009
Abner,Granham,2012
Gladys,Verdy,1995
Irena,Adamovsky,2007
Torey,Folomin,1984
Martica,Pellett,2006
Ramona,Kornel,2009
Norina,Balke,1994
Jannel,Petrenko,1987
Dulsea,Sindall,1998
Rubi,Shenfisch,2005
Wrennie,Face,2012
Anthiathia,Cousins,1992
Michaella,Hoggins,1996
Garwood,Paterno,1992
Leonid,Pisco,1994
Had,Dobbin,1997
Inge,Brownstein,2012
Nessa,Swapp,1998
Joelle,Frontczak,1977
Beverlie,Dwight,2007
Fidelio,Dillistone,2010
Maxie,Delve,1970
Pancho,Huffey,2002
Quintina,McCrudden,2008
Bartie,Daniau,2005
Mose,Breffit,2011
Rochella,Culley,1990
Winona,Getty,1986
Lynett,Challender,1966
Chlo,Duiguid,1999
Isak,Kagan,1995
Frederica,Larratt,2010
Garald,Farrent,2003
Elset,Bingley,1998
Pollyanna,Janko,1987
Annemarie,Cutteridge,1979
Carlota,Kirley,2007
Byram,Crichmer,2004
Emmanuel,Orrice,2006
Jennifer,Wilfing,2002
Eamon,Fairbank,2000
Keven,Behling,1998
Marj,Gunby,2006
Michel,Moorcroft,1972
Drusilla,Biggin,1995
Chlo,Scullin,1999
Inez,Quixley,2012
Flor,MacTrusty,2011
Ysabel,Easey,2008
Mathilda,MacGibbon,2005
Cy,Lyte,2005
Emmit,Castagnaro,2009
Carole,Kirsopp,2004
Cash,Pithcock,2004
Lucien,Goodson,2005
Natalie,Aspin,1999
Tamiko,Iveson,1999
Zacharias,Gutridge,2012
Aymer,Stanners,1998
Peria,Rolinson,2001
Wanda,Ackland,1986
Catherina,Quaife,2006
Mandie,Huscroft,2005
Smitty,Gain,1990
Niko,Mably,2008
Raddie,Aldington,2005
Yovonnda,Noah,2008
Teddie,Sommerland,2005
Ludwig,Cloake,2001
Christan,Berni,2000
Fraze,Catanheira,1997
Lacee,Padson,2004
Brent,Jurisch,1999
Wainwright,Ciccottio,1990
Michaeline,Pulsford,2010
Tanitansy,Rosthorn,2010
Nollie,Howse,2009
Norby,Retter,2000
Beatrice,Edgeley,1991
Lonnie,Shanks,2010
Alexia,Clardge,2006
Rem,Petrecz,2011
Cobby,Lampen,2006
Queenie,Olligan,1983
Larisa,Gimson,1961
Fifi,Marzelo,2008
Clayton,Stainson,2001
Linea,Mycroft,2010
Bianca,Abella,1995
Verine,Keast,2001
Daryl,Eddis,2010
Gunner,Suerz,2005
Ruprecht,Tonks,2006
Walker,Goseling,1993
Honor,Lidgertwood,1996
Fay,Folbigg,2009
Lanna,Strettle,2004
Derward,Pittson,1995
Kimberli,Slowley,2011
Lethia,Argabrite,1992
Kleon,Greenlees,2009
Madelena,Top,2006
Christoph,Oriel,2006
Pippa,Galler,2004
Kev,Gladman,1993
Kizzee,Brower,2011
Brad,Headly,2011
Marcie,Gherarducci,2010
Dmitri,Franciottoi,1993
Evangeline,Needs,2010
Miriam,Coleman,1998
Fabio,Garlic,1992
Jeniffer,Earley,2002
Mariel,Laffling,2006
Ellie,Van den Dael,1993
Bertha,Surguine,1996
Marcello,Brickner,2002
Karlotta,Franies,2010
Ulick,Taill,2000
Ebba,Oldcote,2011
Dore,Jandl,2005
Nestor,McKeag,2008
Karlyn,Querrard,2008
Floria,Testro,1996
Terry,Aingell,1995
Xerxes,Armin,1991
Beatrisa,Gifkins,1985
Thebault,Blackey,1999
Roxie,Bentz,2002
Cesya,Gable,2001
Frances,Urion,2002
Nell,Jelfs,2003
Haley,Kissell,1997
Dede,Pyrton,1994
Simone,Cramb,1994
Lanie,Brunn,2006
Davine,Flattman,1999
Tessy,Jude,2006
Joyce,Blazek,2007
Corny,Kenelin,1991
Anastasia,Saltrese,2005
Hobart,Starling,1988
Dodi,Chyuerton,1993
Pail,Stouther,2004
Flor,Wand,1999
Johnathan,Sutherns,2012
Krystle,O'Keaveny,2011
Merle,Fuge,2010
Cleveland,Yoseloff,1985
Roanna,Tunnadine,1963
Gaven,Kirmond,2008
Loren,Gyves,1997
Daisi,Grandisson,1998
Vin,Giacobbo,2011
Elladine,Robuchon,1997
Cyndi,Demeter,2004
Sylvia,Petriello,1984
Valerye,Farnsworth,2009
Web,Hugonneau,2012
Goldy,Galpin,1970
Emmalee,Boodell,2009
Risa,Sall,1994
Renell,MacSharry,2000
Jolynn,Jeafferson,2006
Elmira,Biasio,2007
Andy,Stourton,1984
Zollie,Dowle,2008
Alvis,Pinkstone,2004
Kilian,Scatchard,1988
Tomas,Fruchon,1998
Cariotta,Danne,1996
Sander,Bruckshaw,2005
Papageno,Pitcock,2008
Evin,Lodo,1999
Jess,Neeson,2011
Kane,Aronson,2011
Ignaz,Domingues,2000
Jean,Lauthian,2007
Frederique,Fordyce,1994
Ivette,Hanretty,2006
Virgie,Ourtic,1999
Grata,Bras,1994
Alysia,Extal,2005
Boone,O'Currigan,2008
Dominique,Ramiro,2007
Griselda,Edel,2004
Gerhard,Andreazzi,2010
Ollie,Work,2007
Dania,Alderson,1999
Callean,Steward,1995
Joye,Sibbe,1993
Omar,Burles,1999
Gayler,MacCague,1999
Elisha,Mussilli,2003
Edna,Sparke,2001
Elizabeth,Arens,1996
Emelia,Dwyer,2005
Retha,Oxborough,1995
Daphne,Woodison,2001
Katharina,McKnockiter,2004
Terrel,Haggis,2009
Zsa zsa,Derell,1963
Lockwood,Couroy,1993
Yvonne,Enbury,2000
Bennie,McKernan,2002
Lind,Cohalan,1995
Marleen,Landeaux,2000
Charity,Sigge,2006
Skyler,Edowes,1992
Darbee,Treasaden,2005
Caitrin,Robke,2003
Tiebold,Pencot,2000
Claribel,Lunck,1994
Evonne,McAnalley,2009
Karleen,McDirmid,2005
Valencia,Jann,1999
Debera,Gossling,2003
Malissa,Doniso,1992
Lowe,Bourchier,2009
Essie,Cokely,1991
Merrili,Skirving,1988
Torrie,Demaid,2008
Mannie,Hassent,2004
Prinz,Critchlow,2004
Glyn,Wiggins,1994
Dorene,Dryden,1985
Marve,De Filippi,1994
Cassandre,Pisco,2006
Shayla,Morris,2009
Pascale,Marielle,2007
Lois,Danbrook,1997
Carrie,Domerc,2009
Dyane,Cianelli,1995
Cece,Giorgione,2008
Lottie,Provis,2004
Eran,Woolacott,2003
Claudianus,Kindred,2004
Caye,Calvie,2004
Dolley,Saipy,1994
Alain,Jelphs,2006
Anissa,Graundisson,1998
Delcina,Messiter,2009
Putnem,Duffit,2005
Hermon,Lechmere,1997
Max,Gallelli,1996
Katharyn,Stanyland,2001
Viviene,Howley,1995
Glenn,Gilgryst,2009
Willem,Bridgman,2005
Berta,Henricsson,1992
Amy,Seiller,2007
Chantal,Luney,2007
Baxie,Candey,2010
Cindy,Gribble,1986
Mag,Abells,1992
Giavani,Dimberline,2009
Martino,Minchinton,2005
Gallagher,Laycock,1991
Myrvyn,Whyley,1995
Ashlie,Huckel,2011
Adriane,Newlan,2004
Newton,Bryer,1993
Brier,Fleury,2002
Mohandas,Bruyns,2006
Celinka,Habbergham,1994
Cleve,Henkens,1993
Othelia,Capron,2007
Karoly,Oneil,1997
Fons,Allabarton,2010
Oran,Blythe,2008
Nedi,Hulle,1989
Felicio,Manilo,1967
Renaud,Rodbourne,2001
Joline,Beddard,1990
Celene,Urlich,1995
William,Datte,1995
Aron,Alsina,1999
Lita,Hancorn,1998
Elmer,Gascoyen,2011
Marie-jeanne,Cordeux,2000
Gherardo,Fifoot,1992
Bevon,Chastanet,2008
Elle,Renol,1992
Margret,Meineking,2008
Domenic,Ranscomb,1992
Bailey,Dorracott,2012
Maison,Vanstone,1993
Eadmund,Marrison,2006
Jessi,Lillico,2004
Helli,Smedmore,1993
Oralee,Strover,2000
Isis,Rosbrough,2001
Sigismond,Uc,2008
Roanna,Carolan,2006
Dania,Bergeau,1998
Fee,Rush,1994
Gerome,Bartolijn,2005
Aviva,Willmore,2004
Vitoria,Ruppel,2006
Arlee,Menpes,2008
Kasey,Tremouille,1996
Bryan,Zottoli,1997
Zebulon,Lemon,2006
Kipp,Garnall,1965
Sibelle,Rambadt,2001
Eachelle,Keston,2009
Charlot,Kynge,1988
Karlens,Ronayne,2006
Malinde,Hardwin,2009
Somerset,Stonelake,2002
Dorisa,Deller,2000
Chevalier,Hofton,2012
Malina,Dowsett,1985
Orland,Klambt,2011
Kimberli,Feasby,1985
Terrill,Woolcocks,2000
Lothaire,Fuggles,2002
Prudi,Hadden,2006
Euphemia,Levecque,2013
Lemmy,Sharphouse,2012
Netti,Aubert,2008
Tally,Ludovico,2007
Allistir,Errington,2002
Dania,Roseburgh,2011
Raphaela,Crutch,2004
Dianemarie,Dayborne,2011
Tabbi,Got,2007
Goldina,Turney,1984
Diane-marie,Wrout,1994
Lexy,Brownsey,2010
Lenci,Varty,1994
Roselle,Phelps,2008
Kasper,Benes,1997
Vicky,Dowyer,1993
Lisette,Pattullo,1999
Malva,Pratty,2011
Felipe,Bareham,2008
Reg,Mulran,2011
Jamill,Daintry,2011
Anders,Filippone,2008
Gannon,Westlake,2011
Josefa,Fairbridge,2009
Charleen,Dutch,2007
Rhiamon,Undrill,2008
Silvano,Crumpton,2010
Lilas,Simonin,2004
Astra,Curnick,1992
Steve,Fenby,2008
Rica,Sedman,2002
Verney,Dugood,1988
Ambrosius,Bergen,2006
Jourdain,Leyman,2004
Jolyn,Rickett,2010
Davine,Folkerd,2006
Crissie,Thumnel,1995
Myra,Franscioni,1993
Nalani,Fullerd,2012
Elita,Gilby,1995
Urbano,Anetts,1991
Margalit,Champness,2010
Chauncey,Itzkovwich,2012
Isaiah,Volleth,1996
Viki,Windous,1989
Cherry,Tremlett,1999
Marcelle,Mileham,1999
Valdemar,Hawyes,2001
Minnnie,Egger,2001
Calley,Bayston,1998
Hewie,Mc-Kerley,1993
Vita,Rubinchik,2005
Cordey,Teliga,2003
Leanora,Berriman,1998
Gayelord,Howle,1994
Sebastian,Mellhuish,2002
Ibrahim,Gwatkins,1986
Roslyn,Brunke,2006
Ilyse,McLeod,1993
Sanderson,Eakin,1996
Rayshell,Delgadillo,2001
Candy,Gavaghan,2007
Opalina,Carrier,2000
Claudia,Caulliere,1992
Sheppard,Beric,2011
Andi,Roberti,1995
Archibald,Selwood,1992
Craggie,Clemett,2002
Nada,Jeremaes,2007
Sorcha,Edlestone,1985
Arin,Leveridge,1996
Myrtia,Hudspeth,1994
Kesley,Elmar,1985
King,Dur,1996
Broddy,Beggio,2008
Aime,Nottram,1970
Dore,Bereford,1993
Willy,Del Castello,2003
Gan,Fernandez,2010
Shirl,Pickerell,2001
Vi,Greatham,1990
Emmeline,Chilley,1999
Ravi,Merle,1997
Meghan,Brimmicombe,2007
Dulciana,Learmonth,2006
Luce,Millington,1998
Carolus,Buffery,1998
Ximenes,Edmenson,2007
Cam,Turfs,1995
Ki,Henner,2010
Cross,Murdoch,2010
Mallory,Sissons,2007
Goldy,Kingsnode,2008
Leland,Medland,2008
Elsworth,McKerron,2009
Ettie,Balmer,1989
Rhett,Gheorghe,2009
Timmi,Stichel,2007
Kiley,Szimoni,2006
Reeta,Brende,2006
Mayne,Lamba,1990
Nannette,Dunlap,1984
Dionis,Toller,2008
Webb,Vernazza,2005
Reba,Bryson,1985
Julia,Tale,2002
Osbourne,Bisco,2009
Doretta,Haighton,2011
Oralee,Goldney,1998
Sabrina,Cockram,2004
Eve,Zarfai,2010
Ulrike,Paulon,2003
Gabriella,Ivanshintsev,2006
Aldo,Gartsyde,2010
Nathanael,Queyos,2000
Sigfrid,Spiring,1985
Artair,Red,1998
Sydney,Cainey,2010
Lucinda,Palmby,2011
Anthia,Cholomin,1998
Elton,Sprules,2010
Darleen,Weitzel,1992
Marna,Algie,1992
Isidoro,Klebes,2008
Emanuele,Vowells,2009
Joela,Feild,2007
Chere,Yurasov,1988
Melinde,Auguste,2007
Lorain,Frizzell,2012
Stacy,Umbert,2009
Tallie,Trewett,1989
Zarla,Inglesant,2000
Remus,Fenge,1993
Culver,Undrell,2006
Tiff,Mapplebeck,2008
Demetri,Lethby,2006
Alexandra,Minette,2006
Jareb,Winfield,1995
Vincenz,Tweed,2007
Sapphire,Whitta,1994
Lita,Beeston,2012
Noak,Coughtrey,2012
Marlin,Allnatt,1990
Orsa,Pannett,1999
Jillayne,Dash,2006
Blancha,Stanley,1993
Hope,Walczynski,1987
Urbanus,MacKellen,2000
Claus,Sprake,2006
Pail,Trebilcock,2005
Rooney,Stolberger,2004
Thorvald,Nezey,2011
Merry,Cuschieri,2011
Ruthanne,McFarlane,2012
Bobbette,Roote,2011
Hillie,Ortzen,2007
Venus,Naish,1993
Mitzi,Bewicke,1990
Samuele,Silverton,2009
Seamus,Antonijevic,1992
Dulcea,Paffley,2012
Fritz,Davidsen,2008
Othelia,Saing,1994
Magdalene,Kilpatrick,2007
Sharon,Ledgley,1997
Leyla,Lampet,2011
Yolane,Glitherow,1994
Danita,Beare,2012
Prisca,Antoniazzi,2005
Saundra,McIsaac,2010
Joice,Preddle,2007
Dion,Clash,2000
Devi,MacMeanma,1994
Aleen,Massel,1998
Florry,Ballantine,1997
Guntar,Bourne,2011
Jade,Merfin,1999
Hussein,Dimelow,2000
Rinaldo,Sudron,2005
Erek,MacGarrity,2011
Kimmi,Fernie,1991
Padgett,Carne,2010
Alain,Jaan,2002
Bree,Doxey,2008
Codie,Turfes,1997
Kai,Locard,2010
Giles,Askam,2005
Natty,Dransfield,2010
Bertine,Grumbridge,1992
Felicity,Leat,1995
Deb,Loy,2002
Brandon,Coule,2006
Cordelia,Hattoe,2000
Florenza,Mcimmie,1997
Lexine,Genese,1992
Odille,Sellner,1993
Mandel,Bellenger,1984
Percival,Nettles,2008
Angel,Colson,2009
Alan,Island,2009
Haley,Venton,2000
Clarita,Cappel,2002
Kiley,Croke,2002
Webster,Swainsbury,1966
Wallache,Deyenhardt,2008
Fredra,Gowar,2008
Alix,Anan,1988
Lindsy,Roundtree,2011
Berta,Redihough,1991
Theodore,Dries,1992
Nisse,Minear,2000
Donnie,Top,2010
Caril,Dowse,1992
Anallese,Snalham,1991
Duff,Eaglesham,2003
Hakeem,Pegden,1987
Donn,Romi,2007
Carry,Alvarado,2009
Charissa,L'argent,2009
Larry,Terlinden,2010
Haywood,Chevolleau,1995
Christos,Treadgold,1998
Ailsun,Girardoni,2012
Garrot,Gianasi,1996
Merrick,Sperrett,1999
Javier,O'Kerin,2012
Ada,Hadkins,2006
Emilee,Mandrier,2010
Ethelind,Doyland,2010
Aridatha,Kettoe,2009
Christoper,Coggell,2012
Hewitt,Velden,2009
Terrie,Creaney,2001
Todd,Ashbridge,1985
Helga,Havock,2013
Elmer,Hoble,1999
Lyssa,Basant,1997
Danita,Cammell,1996
Guinna,Amorts,1999
Barb,Liggons,2004
Tilly,Labrom,1994
Burt,felip,1988
Andy,Boorn,2009
Ivie,Gullane,2012
Fayre,Hammarberg,1996
Camile,Philippsohn,1993
Abe,Scholcroft,1992
Darla,Ladd,2006
Cyndy,Ledster,2010
Elihu,Skilton,2007
Hubert,Gehringer,2004
Hephzibah,Saer,1986
Aldridge,Masi,1995
Dede,Biaggi,2006
Hernando,Henze,2005
Quintin,Everwin,2005
Brander,Gribbin,2011
Peggy,McOrkil,2000
Tracey,McPaik,2010
Sherm,Fairbairn,2002
Camila,Dunbobbin,2003
Desiri,Pritchitt,1997
Roderic,Matousek,2012
Bald,Dellit,2002
Elmore,Ordish,2001
Harmonia,Gillan,1992
Gaye,Dauber,2007
Lucio,De Bischof,1986
Mathilde,Henrot,1981
Helga,Jerisch,2007
Jarrod,Irnys,1993
Vinita,Pimlock,1988
Khalil,Sugarman,2003
Stepha,Blumire,1992
Kaycee,Eyers,1987
Urbain,Froome,1990
Aristotle,Tittletross,2010
Gardiner,Matuszak,1997
Conney,Exter,2008
Tim,Tomaino,1993
Denys,Newall,2001
Cordelie,Briton,2008
Candace,Lambal,1996
Maryjo,Ickovicz,2008
Tomlin,Candelin,2003
Zacharia,Asbrey,1997
Elysia,Nares,2004
Hollyanne,Piola,1998
Josiah,Keoghan,1988
Florinda,Trembley,1992
Suzy,Downton,1992
Sydney,Deverale,2002
Vaughan,Yesichev,2006
Ilyssa,Gordon,2006
Danya,Shotbolt,2008
Carrol,Harrower,1998
Margarete,Usmar,1993
Rena,Rhydderch,1993
Lion,Tysack,1994
Feodor,Pinson,1993
Wayne,Stickel,2001
Garnet,Trubshawe,1984
Moritz,Cornish,1996
Mavra,Caren,2003
