Arroz del puerto,Familiar,8889
Mercedes-Benz,Familiar,104389
Oldsmobile,Personal,72057
Mercury,Personal,148600
Ford,Caja para dos,75062
Kira,Familiar,123843
Toyota,Personal,120268
Janeva,Personal,97307
Nissan,Personal,67095
Kia,Caja personal,93704
Nissan,Caja para dos,8483
Mercury,Caja para dos,56020
Chrysler,Combo para dos,25581
Mercury,Personal,141502
Chop Suey,Combo para dos,141564
Ailey,Combo para dos,24722
Mercury,Familiar,55329
Rosabelle,Caja para dos,6942
Nissan,Combo para dos,18416
Phil,Familiar,72145
Pontiac,Caja personal,110336
Jaguar,Personal,61881
Josh,Combo para dos,65872
Infiniti,Caja para dos,140323
Flossy,Personal,128107
BMW,Caja personal,9767
Jania,Familiar,139702
Nicky,Personal,79798
Suzanne,Caja personal,112291
BMW,Familiar,20022
Mazda,Caja para dos,69361
Maible,Combo para dos,56212
Smith,Caja personal,58797
Hastings,Caja personal,5253
Volkswagen,Caja personal,72118
Aviva,Caja para dos,16330
Clemmie,Combo para dos,24244
Myrle,Personal,87258
Lincoln,Familiar,10720
Aston Martin,Caja para dos,47538
Deni,Caja para dos,21100
Maybach,Personal,1826
Toyota,Caja para dos,73354
GMC,Caja para dos,88667
Jyoti,Familiar,31834
Toyota,Personal,22733
Isuzu,Caja para dos,93699
Seline,Personal,63636
GMC,Familiar,42135
Raquel,Personal,46784
Isidora,Combo para dos,133303
Acura,Familiar,118404
Dodge,Personal,48501
Ford,Combo para dos,38313
Audi,Personal,125512
Volkswagen,Familiar,45244
Honda,Combo para dos,147543
Mercedes-Benz,Caja para dos,82797
Giorgi,Caja para dos,92475
Chevrolet,Caja personal,141511
Oldsmobile,Caja para dos,31187
Theo,Familiar,102905
Isuzu,Combo para dos,55934
Volvo,Personal,114190
Mitsubishi,Caja personal,141143
Selig,Caja personal,18248
BMW,Familiar,10529
Nissan,Familiar,63060
Dodge,Caja personal,35646
Chevrolet,Personal,149794
Plymouth,Combo para dos,85822
Land Rover,Familiar,19501
BMW,Familiar,62563
Jaguar,Combo para dos,145625
Land Rover,Caja para dos,15492
Kakalina,Caja personal,19346
Chevrolet,Combo para dos,91788
Dido,Combo para dos,116928
Padraic,Caja para dos,20470
Devora,Personal,95837
Teador,Personal,36783
Chevrolet,Caja personal,15791
Mazda,Caja personal,53886
Arroz Colombiano,Caja para dos,109958
Pontiac,Combo para dos,77211
Rupert,Personal,104201
Jaguar,Caja personal,80045
Mercedes-Benz,Personal,35018
GMC,Familiar,129980
Lexus,Caja personal,102343
Chevrolet,Familiar,148801
Lari,Familiar,4902
Honda,Familiar,104020
Honda,Personal,124783
Oldsmobile,Personal,149848
Ford,Familiar,143839
Ford,Caja personal,68763
Emera,Combo para dos,34519
Chevrolet,Personal,144825
Acura,Caja para dos,9928
Chevrolet,Caja para dos,57495
Myrta,Combo para dos,121186
Volkswagen,Caja personal,124130
Nora,Caja para dos,63064
Chevrolet,Caja para dos,132643
Mitsubishi,Combo para dos,73353
Rolls-Royce,Combo para dos,50028
Subaru,Caja para dos,70555
Toyota,Caja para dos,29863
Ford,Caja para dos,149391
Matthieu,Caja personal,51800
Subaru,Familiar,148330
Camel,Caja para dos,52110
Mercury,Caja personal,61812
Jaime,Caja para dos,96830
Subaru,Familiar,78857
Toyota,Caja para dos,77850
Gabe,Caja para dos,85021
Subaru,Caja para dos,82173
Lexus,Caja para dos,137335
Jeep,Caja personal,18850
Daewoo,Personal,132718
Honda,Personal,84117
Leela,Familiar,46791
Arroz Valluno,Caja personal,121807
Mercedes-Benz,Caja para dos,110232
Diahann,Caja para dos,84900
Subaru,Familiar,145185
Hazlett,Personal,142384
Lev,Personal,40132
Mazda,Caja personal,8458
Pontiac,Personal,24186
Audi,Familiar,103176
Jed,Caja para dos,100251
Oldsmobile,Caja personal,94109
Hummer,Familiar,33920
Marty,Familiar,68164
Ford,Caja personal,72610
Saturn,Combo para dos,28242
Mercury,Familiar,36753
Candida,Caja para dos,87009
Mitsubishi,Caja para dos,66719
Audi,Caja personal,101962
Audi,Familiar,13008
Cadillac,Personal,78790
Nissan,Familiar,59886
Sterling,Caja personal,37982
Chevrolet,Caja para dos,99012
Chevrolet,Caja para dos,73054
Phylis,Familiar,76839
Dodge,Combo para dos,37794
Volkswagen,Combo para dos,49341
Jaguar,Combo para dos,48723
Donna,Familiar,127299
Pontiac,Caja para dos,134897
Saab,Familiar,27581
Mitsubishi,Familiar,123657
Honda,Combo para dos,104039
Land Rover,Combo para dos,134556
Junina,Personal,6955
Suzuki,Caja personal,71828
Teena,Caja para dos,111569
Wilmette,Personal,81893
Mitsubishi,Caja personal,56721
Claudelle,Caja personal,148050
Jesselyn,Familiar,91469
Porsche,Caja personal,70786
Audi,Familiar,76716
Elisabet,Caja personal,142414
Bentley,Familiar,3149
Dodge,Combo para dos,135608
Plymouth,Combo para dos,140267
Kia,Personal,40884
Chrysler,Caja para dos,63102
Saxe,Caja para dos,125066
Deni,Familiar,15632
Giorgi,Personal,110192
BMW,Combo para dos,94869
Herve,Personal,143470
Mitsubishi,Caja personal,77294
Edita,Caja para dos,48732
Chop Suey,Caja personal,63570
Suzuki,Combo para dos,111402
Saab,Caja para dos,42629
Daewoo,Personal,16399
Toyota,Familiar,4476
GMC,Personal,111842
Mazda,Caja personal,84755
Bertina,Combo para dos,42207
Chas,Personal,146917
Mitsubishi,Personal,63378
Chevrolet,Familiar,57657
Mitsubishi,Combo para dos,45145
Rosabelle,Combo para dos,68007
Acura,Combo para dos,59922
GMC,Caja personal,35495
Chevrolet,Combo para dos,31395
Chevrolet,Caja personal,74297
Porsche,Familiar,49384
Ford,Caja personal,106623
Ford,Familiar,124200
Toyota,Caja personal,143545
Mitsubishi,Familiar,22981
Quill,Caja personal,34345
Chevrolet,Personal,79412
Dodge,Personal,24652
Lexus,Combo para dos,22908
Dodge,Personal,81895
Desayuno,Personal,46458
Dodge,Caja para dos,126423
Mitsubishi,Personal,130669
Cristobal,Familiar,17855
Phebe,Combo para dos,145340
Kaila,Combo para dos,133385
Suzuki,Personal,88761
Leticia,Personal,48861
Suzuki,Caja personal,86873
Toyota,Combo para dos,72833
Kiley,Familiar,97668
Mercedes-Benz,Caja para dos,52777
Fletch,Familiar,121204
Mitsubishi,Personal,55688
Haroun,Personal,37046
Lexus,Combo para dos,53597
Randa,Caja personal,141094
Bentley,Combo para dos,139612
Subaru,Personal,75013
Jaguar,Caja para dos,96781
Volkswagen,Combo para dos,18667
Hadrian,Caja personal,37400
Volkswagen,Caja personal,140390
Caryl,Combo para dos,33446
Ram,Personal,98959
Hanson,Personal,136178
Ram,Personal,111197
Mazda,Personal,51656
Volvo,Familiar,5496
Chevrolet,Caja personal,147956
Massimo,Personal,50698
Ford,Combo para dos,98666
Volkswagen,Personal,77188
Plymouth,Familiar,61511
Chevrolet,Caja para dos,132761
Hyundai,Personal,50500
Honda,Familiar,54581
Mazda,Caja personal,68292
Mercedes-Benz,Caja para dos,98361
Kia,Caja personal,88811
GMC,Familiar,3846
Luciano,Familiar,126115
Ford,Familiar,28982
Audi,Familiar,109027
Dorice,Caja para dos,40132
Mitsubishi,Personal,37242
Volkswagen,Personal,114503
Mercedes-Benz,Personal,143027
Gertrud,Combo para dos,121333
Giffy,Caja para dos,52935
GMC,Personal,115943
Mazda,Caja para dos,140310
GMC,Caja para dos,104354
Lev,Familiar,30018
Toyota,Combo para dos,28679
Northrop,Combo para dos,144895
Audi,Personal,111207
Mercedes-Benz,Caja personal,143803
Taryn,Familiar,77588
Donica,Caja para dos,5727
Audi,Combo para dos,143146
Chevrolet,Combo para dos,39564
Tomasine,Personal,109262
BMW,Caja personal,55642
Chloe,Combo para dos,62986
Hugo,Caja para dos,37883
Odo,Familiar,97280
Buick,Caja personal,86075
Porsche,Caja para dos,131101
Toyota,Caja para dos,43290
Saab,Combo para dos,13690
Nata,Combo para dos,95737
Mercury,Caja personal,9302
Sabina,Combo para dos,61867
BMW,Caja para dos,40159
Lexus,Personal,75262
Chevrolet,Familiar,89207
Saturn,Caja personal,2649
Ford,Familiar,45582
Ingaberg,Familiar,51223
Volkswagen,Caja personal,122047
Ford,Personal,53598
BMW,Personal,116234
Chevrolet,Combo para dos,117648
Boigie,Familiar,15664
Hew,Familiar,112342
Jaguar,Combo para dos,87662
Jed,Combo para dos,115320
Lamborghini,Personal,73893
Mazda,Caja personal,37280
Chevrolet,Personal,59224
Pontiac,Personal,101197
Korie,Familiar,72042
Oldsmobile,Caja para dos,139213
Thomas,Caja para dos,123505
Hester,Caja personal,126775
Toyota,Caja personal,34738
Cadillac,Personal,113360
Boigie,Personal,61470
Maserati,Personal,65994
Chevrolet,Personal,77522
Chevrolet,Combo para dos,115536
Bentley,Familiar,92594
Mariann,Combo para dos,46615
Kimble,Combo para dos,37702
Jed,Caja para dos,148482
Garrett,Caja para dos,132655
Paolo,Caja personal,23183
Lincoln,Personal,28898
Honda,Combo para dos,127535
Leonore,Personal,19100
Isuzu,Caja para dos,55168
Ford,Personal,118088
Sterling,Combo para dos,59916
Saturn,Familiar,131230
Bentley,Combo para dos,21339
Toyota,Caja para dos,88699
Dodge,Caja para dos,83935
Ortensia,Caja personal,6703
Kia,Familiar,12271
Ford,Personal,90117
Dodge,Familiar,95984
Tiebold,Personal,136629
Honda,Caja para dos,118791
Pippa,Caja personal,115535
Acura,Familiar,6239
Brynne,Caja para dos,45665
Cadillac,Personal,139692
Nissan,Combo para dos,75353
GMC,Combo para dos,112325
Ara,Caja personal,69092
Caro,Combo para dos,108503
Lincoln,Caja para dos,133949
Aline,Familiar,107233
Ford,Caja para dos,39373
Kakalina,Combo para dos,39479
Mazda,Personal,7224
Mercedes-Benz,Familiar,25168
Deni,Caja personal,62210
Cadillac,Caja personal,97267
Carlin,Familiar,140231
Suzuki,Caja personal,53179
Chevrolet,Caja para dos,55234
Cadillac,Familiar,72144
Hester,Caja para dos,8634
GMC,Caja para dos,9026
Jaguar,Familiar,60107
Alfa Romeo,Caja para dos,141074
Volvo,Familiar,37735
Mitsubishi,Caja para dos,129821
Subaru,Caja para dos,115224
Ricard,Familiar,19818
Dodge,Caja personal,53516
Lexus,Combo para dos,49049
Cadillac,Personal,100436
Maible,Personal,146786
BMW,Caja para dos,133363
Hyundai,Familiar,21517
Infiniti,Caja personal,56577
Isuzu,Caja para dos,24298
Carlita,Combo para dos,82000
BMW,Caja personal,107279
Kia,Combo para dos,95472
Porsche,Personal,146044
Mareah,Familiar,45545
Mercury,Familiar,140841
Candida,Combo para dos,96380
Sharity,Personal,17494
Buick,Personal,63643
Lorne,Caja para dos,67404
Mazda,Personal,123984
Buick,Familiar,44016
Ford,Caja para dos,71101
Nissan,Combo para dos,115981
Ford,Caja personal,16165
Volvo,Caja personal,106514
Chlo,Familiar,24883
BMW,Familiar,47022
Ferrari,Caja para dos,50414
Shanan,Personal,7043
Honda,Familiar,7833
Dodge,Familiar,34730
Chrysler,Caja para dos,72179
Kia,Familiar,143661
Land Rover,Familiar,51371
Jillayne,Personal,136382
Mitsubishi,Combo para dos,121275
Dodge,Familiar,12285
Nissan,Caja personal,92541
Sterling,Caja para dos,110673
Nissan,Combo para dos,21933
Mazda,Caja para dos,129323
Hazlett,Caja para dos,149652
Dodge,Personal,81059
GMC,Caja personal,106598
Ford,Caja para dos,56831
Toyota,Personal,87947
GMC,Caja para dos,65466
Una,Personal,37329
Nissan,Combo para dos,147021
Saturn,Caja personal,99594
Volkswagen,Familiar,64181
Jerri,Combo para dos,127284
Murry,Combo para dos,119125
GMC,Caja para dos,76602
Mord,Familiar,44008
Gunar,Combo para dos,129856
Terrell,Caja para dos,14094
Frannie,Caja para dos,121099
Mitsubishi,Familiar,139232
Audi,Combo para dos,4153
Jed,Familiar,125370
Porsche,Personal,69031
Ford,Personal,104416
Toyota,Familiar,92918
Mercury,Caja para dos,60182
Paddie,Combo para dos,36946
Mitsubishi,Caja personal,10340
Acura,Caja personal,44718
Demeter,Personal,132213
Kerrill,Combo para dos,71020
Mazda,Familiar,46736
Aston Martin,Caja personal,132318
Audi,Personal,41919
Infiniti,Caja para dos,145309
Jeep,Personal,101899
Buick,Caja para dos,93964
BMW,Personal,74789
Jaguar,Personal,147851
Helsa,Caja para dos,138757
Toyota,Familiar,52233
Gabe,Caja personal,19153
Dodge,Personal,104542
Studebaker,Caja personal,9012
Mariann,Caja para dos,80466
Saw,Personal,52982
Chrysler,Familiar,70761
Lea,Caja para dos,99680
Mitsubishi,Personal,88187
Adel,Familiar,140408
Honda,Combo para dos,55455
Foose,Caja para dos,58363
Mercury,Caja para dos,115595
Bianka,Combo para dos,79385
Honda,Familiar,68258
April,Personal,87649
Tomas,Familiar,112009
Petr,Familiar,21828
Plymouth,Caja para dos,103771
Porsche,Familiar,1721
Jillayne,Combo para dos,20918
BMW,Caja personal,81520
Mercedes-Benz,Familiar,87637
Dodge,Combo para dos,25635
Filmer,Familiar,11171
Lumpias,Combo para dos,50930
Mommy,Caja personal,143876
Lizzie,Personal,80670
Chevrolet,Familiar,47329
Ford,Caja personal,18668
Hastings,Personal,44118
Audi,Caja para dos,54651
Gunar,Personal,143707
Gunar,Personal,108190
Ford,Caja personal,98851
Samara,Familiar,52262
Toyota,Caja personal,62761
Chevrolet,Caja personal,5792
GMC,Caja para dos,17861
Chevrolet,Combo para dos,97995
Morgan,Personal,97064
Honda,Caja personal,61422
Mortie,Caja personal,70710
Archibaldo,Personal,79236
Harcourt,Personal,32994
Toyota,Familiar,55253
Toyota,Familiar,146973
Phylis,Caja personal,49522
GMC,Combo para dos,20905
Lexus,Caja para dos,112332
Chevrolet,Familiar,116748
Mercury,Familiar,93069
Harmonia,Combo para dos,4020
Lotus,Caja personal,42974
Elisabet,Caja para dos,118177
Ford,Familiar,9971
Kia,Caja personal,121109
Noak,Familiar,1352
Hayes,Personal,46761
Infiniti,Caja para dos,128345
BMW,Caja para dos,45717
Toyota,Familiar,119756
Emeline,Combo para dos,119830
Gayel,Caja para dos,108151
Dilly,Familiar,54052
Dyanne,Caja personal,85614
Chevrolet,Caja para dos,42749
Gale,Personal,137495
Mitsubishi,Caja para dos,108890
Honda,Combo para dos,8138
Subaru,Caja para dos,98087
Cadillac,Personal,105287
Audi,Caja para dos,110558
Mazda,Caja personal,27335
Dodge,Caja para dos,50763
Peder,Caja para dos,87695
Mazda,Caja para dos,128024
Lincoln,Familiar,74133
Toyota,Personal,91898
Eagle,Personal,30131
Kia,Caja personal,57975
Nissan,Caja para dos,114937
Noak,Caja para dos,144588
Buick,Combo para dos,114226
Maserati,Combo para dos,142923
BMW,Personal,134279
Honda,Familiar,1984
Pontiac,Caja personal,24945
Bernita,Personal,124769
Mercedes-Benz,Caja personal,85929
Alexandra,Caja personal,148082
Atalanta,Personal,43667
Plymouth,Familiar,44875
Raven,Combo para dos,111945
Jeep,Familiar,116172
Marmaduke,Personal,43077
GMC,Familiar,58795
Thomas,Personal,25571
Hastings,Caja personal,30556
Toyota,Familiar,49884
Mercury,Caja personal,105504
Ford,Familiar,109689
Ford,Familiar,147390
Nissan,Personal,86550
Acura,Caja personal,38390
GMC,Familiar,128372
Ford,Familiar,125148
Dodge,Caja personal,148600
Mitsubishi,Combo para dos,28324
Ethelda,Combo para dos,101858
Chevrolet,Caja personal,73569
Skelly,Caja para dos,113733
Arroz Valluno,Combo para dos,83618
Vanda,Combo para dos,94673
Mazda,Personal,85739
Chevrolet,Combo para dos,84859
Chevrolet,Caja personal,49587
Lincoln,Combo para dos,122837
Toyota,Personal,68759
Dodge,Caja personal,12618
Nissan,Combo para dos,24529
Clemmy,Personal,41605
Lucho,Combo para dos,38989
Buick,Familiar,9951
Kia,Caja para dos,66485
Chevrolet,Caja personal,117350
Mitsubishi,Familiar,59434
Cadillac,Familiar,104974
Hallsy,Caja personal,149186
Lotus,Personal,119511
Arroz a la barbacoa,Combo para dos,75830
Dodge,Caja para dos,82377
Gael,Caja para dos,20274
Hanson,Caja personal,117743
Robbin,Combo para dos,19190
Chevrolet,Personal,43632
Kia,Caja personal,126133
Subaru,Personal,1195
Mercury,Caja personal,107150
Ford,Caja personal,6349
Jeep,Caja personal,32069
Infiniti,Combo para dos,77746
Jack,Caja personal,7914
Cadillac,Caja personal,118656
Ford,Caja personal,50374
Tabb,Combo para dos,71605
Hyundai,Personal,73562
Subaru,Caja para dos,57726
Jenni,Caja personal,133806
Pontiac,Personal,136689
Studebaker,Combo para dos,29187
Suzuki,Caja para dos,49983
Raquel,Caja para dos,123425
Subaru,Combo para dos,50036
Lexus,Familiar,84028
Plymouth,Caja personal,147934
Tomas,Combo para dos,55568
Marja,Personal,117960
Chevrolet,Caja para dos,23793
Dodge,Combo para dos,95751
Bertina,Caja personal,117229
GMC,Combo para dos,118831
GMC,Familiar,91243
Audi,Caja para dos,39757
Volvo,Personal,62854
Saab,Familiar,21703
Farica,Caja personal,78457
Ardene,Caja personal,71966
Elsbeth,Familiar,115993
GMC,Personal,28884
Ailey,Personal,70061
Chevrolet,Caja para dos,1686
Mitsubishi,Personal,143033
Acura,Combo para dos,84012
Pontiac,Caja para dos,46865
Dodge,Personal,103894
Suzuki,Combo para dos,129143
Brynne,Familiar,84687
Oldsmobile,Caja personal,45714
Chevrolet,Familiar,110870
Toyota,Familiar,73410
Ford,Caja para dos,51765
Bentley,Personal,112219
Cadillac,Familiar,47539
Mazda,Caja para dos,129848
Saab,Caja personal,76696
Chevrolet,Familiar,34304
Jeep,Caja para dos,71762
Jeep,Familiar,73941
Subaru,Caja personal,61736
Saab,Familiar,112297
Suzuki,Caja para dos,68532
Acura,Caja para dos,87453
Ford,Caja personal,6719
Dodge,Personal,92971
Mercedes-Benz,Personal,82029
Buick,Personal,66563
Toyota,Personal,33590
Volkswagen,Personal,35195
Hummer,Caja para dos,136802
Kia,Caja personal,74166
North,Combo para dos,17550
BMW,Familiar,35842
Jenni,Caja personal,14907
Chevrolet,Caja personal,79946
Audi,Caja para dos,55155
Honda,Familiar,96285
Ford,Combo para dos,104993
Mazda,Caja para dos,72165
Subaru,Caja para dos,114014
GMC,Personal,74470
Braden,Combo para dos,86062
Massimo,Combo para dos,12237
Amandie,Personal,141190
Hastings,Combo para dos,144875
BMW,Personal,69548
Alphard,Familiar,44823
Malena,Familiar,97683
Ferrari,Caja personal,91634
Volkswagen,Caja personal,65030
Shanan,Personal,67110
Natka,Personal,9171
Jeep,Caja personal,135924
Amandie,Caja personal,137089
Theo,Familiar,121135
Plymouth,Familiar,114595
Olia,Combo para dos,58108
Chrysler,Caja para dos,24054
Ford,Caja para dos,78953
Maybach,Caja para dos,97157
Volkswagen,Familiar,83325
Sherlock,Caja para dos,22706
Mitsubishi,Personal,79213
Caro,Caja personal,30744
Tomlin,Caja personal,145091
Audi,Personal,123569
Hayes,Caja para dos,140838
Rurik,Combo para dos,136635
Subaru,Combo para dos,98203
Jasmin,Combo para dos,46231
Toyota,Caja personal,79142
Volvo,Combo para dos,99746
Jeep,Combo para dos,128342
Dodge,Familiar,134066
Hyundai,Combo para dos,98146
Kia,Familiar,73554
Ferrel,Caja personal,121016
Honda,Personal,60799
Natka,Familiar,93125
Acura,Combo para dos,39697
Lenore,Combo para dos,80799
Chevrolet,Caja para dos,48769
Suzuki,Familiar,10537
Anjanette,Caja personal,66641
Subaru,Personal,98674
Nissan,Caja personal,72178
Mercedes-Benz,Caja personal,95428
Jaguar,Caja personal,54183
Chevrolet,Familiar,35747
Fletch,Combo para dos,46783
Lexus,Familiar,99498
Una,Caja para dos,109055
Mitsubishi,Caja personal,57951
Molli,Caja personal,24855
Tatiana,Familiar,76170
Mazda,Familiar,29723
Ola,Combo para dos,11717
Armstrong,Combo para dos,69838
Chevrolet,Caja personal,128174
Oldsmobile,Combo para dos,42786
Lutero,Caja para dos,109030
Renault,Caja personal,18791
Mitsubishi,Combo para dos,30122
Mia,Personal,128417
Korie,Personal,77700
Lucho,Familiar,102538
Ford,Caja personal,15545
Buick,Personal,20420
Isador,Personal,112515
Ulrick,Caja para dos,76678
Maris,Familiar,107787
Creighton,Familiar,6029
Ludovika,Familiar,6180
Honda,Combo para dos,136468
Ford,Familiar,149787
Mazda,Combo para dos,44118
Toyota,Personal,90733
Chevrolet,Familiar,76370
Chevrolet,Personal,28784
Hubey,Caja para dos,4272
Mazda,Combo para dos,80826
Conny,Familiar,96567
Jacquetta,Combo para dos,81330
Volvo,Combo para dos,117015
Saab,Combo para dos,137248
Jeanelle,Familiar,63069
Ford,Caja personal,101828
Devora,Familiar,69271
Goldy,Caja para dos,95515
Welch,Personal,16696
Giorgi,Caja personal,101444
Audi,Caja personal,36310
Cadillac,Caja personal,46384
Chevrolet,Personal,63323
Ive,Caja para dos,40041
BMW,Personal,132608
Aston Martin,Caja para dos,66025
Ford,Caja personal,39193
Lane,Personal,36833
Corena,Personal,21436
Raphaela,Personal,113482
Elisabet,Familiar,65577
Norina,Caja para dos,110361
Lenette,Personal,94042
Dody,Personal,149891
Jermaine,Combo para dos,18523
Acura,Caja para dos,54759
Lexus,Personal,97517
Raddy,Combo para dos,143460
Dodge,Caja personal,123976
Ford,Personal,23323
Nissan,Personal,133199
Townie,Caja personal,75658
GMC,Caja personal,65698
MINI,Caja para dos,139510
Haze,Personal,53550
Deane,Caja personal,13235
Bentley,Caja personal,66470
Hugo,Caja para dos,3087
Plymouth,Familiar,145021
Glynn,Caja personal,57241
Murvyn,Caja para dos,14600
Mitsubishi,Combo para dos,147939
Quintana,Personal,93280
Aurore,Caja para dos,56213
Ford,Caja personal,116758
Hanson,Familiar,59495
Gretel,Caja para dos,74586
Ira,Caja para dos,70628
Rosabelle,Caja personal,41754
Chevrolet,Caja para dos,134722
Volkswagen,Familiar,120035
Jerrilyn,Familiar,118019
Chevrolet,Caja para dos,29351
Farica,Familiar,60004
Ingemar,Caja para dos,59795
Alexandra,Personal,61818
Abey,Familiar,28824
Pontiac,Caja para dos,127843
Dodge,Caja personal,136156
Ingaberg,Caja personal,113683
Plymouth,Familiar,75171
Lexus,Personal,135248
Wallache,Caja para dos,1497
GMC,Combo para dos,91555
Honda,Caja personal,61543
Land Rover,Familiar,55384
Chevrolet,Caja para dos,21991
Josephina,Familiar,118671
Olly,Personal,65766
GMC,Caja personal,17116
Mazda,Combo para dos,20779
Randa,Familiar,115576
Dodge,Caja para dos,86268
Chevrolet,Combo para dos,146752
Ford,Caja personal,1123
Cortney,Familiar,104333
Flor,Combo para dos,24438
Oldsmobile,Familiar,108106
Hirsch,Caja para dos,64277
Chevrolet,Familiar,23339
Mazda,Personal,77811
Suzanne,Combo para dos,3343
Arroz del puerto,Familiar,117530
Richy,Familiar,112096
Ford,Personal,107025
Infiniti,Familiar,137116
Mitsubishi,Caja para dos,87601
Derril,Personal,23507
Mazda,Combo para dos,18681
Bentley,Combo para dos,7276
Virgie,Personal,24236
Carlin,Caja para dos,86328
GMC,Familiar,55492
Ford,Combo para dos,96761
Garrett,Caja personal,46219
Milicent,Personal,110709
Chevrolet,Caja personal,94060
Evonne,Familiar,22465
Fidelity,Familiar,142734
Sander,Caja para dos,141106
Isuzu,Caja para dos,95787
Lincoln,Combo para dos,2872
Mitsubishi,Familiar,38323
Garrard,Personal,61132
Phelia,Combo para dos,24491
Charity,Combo para dos,27397
Nissan,Caja para dos,108441
Lumpias,Personal,5429
Feliks,Caja para dos,106389
Osbert,Combo para dos,1067
Marisa,Caja para dos,116289
Saab,Combo para dos,104056
Subaru,Caja para dos,144319
Donna,Caja personal,101457
Marcile,Caja personal,95087
Saab,Caja para dos,120642
Willa,Caja para dos,134349
Toyota,Familiar,100578
Subaru,Familiar,66131
Quill,Personal,35447
Sancho,Caja para dos,92732
Reena,Familiar,7438
Ugo,Caja para dos,117886
Chevrolet,Caja para dos,76763
Mazda,Caja para dos,44075
Saab,Caja personal,68541
Ford,Caja para dos,126632
Audi,Personal,42736
BMW,Familiar,5639
Nissan,Combo para dos,116266
Acura,Combo para dos,106275
Flor,Caja personal,44522
Subaru,Combo para dos,117230
Richie,Familiar,39410
Buick,Personal,100276
Buick,Personal,141719
Acura,Caja personal,96786
Nissan,Familiar,51147
Mercedes-Benz,Combo para dos,45067
Ricard,Combo para dos,88246
Dodge,Familiar,25310
Dodge,Caja personal,7154
Dorice,Combo para dos,33930
Toyota,Personal,138974
Yasmin,Caja personal,16431
Harald,Familiar,61543
Odey,Personal,46096
Weston,Combo para dos,86928
Chevrolet,Caja personal,18216
Dodge,Combo para dos,119524
Cordi,Familiar,120364
Rog,Personal,35467
Lindon,Familiar,129413
Herbert,Caja personal,33595
Kia,Caja personal,100738
Elisabet,Caja para dos,76039
BMW,Personal,93372
Cadillac,Combo para dos,4379
Subaru,Combo para dos,135160
Mitsubishi,Familiar,23347
Ferne,Personal,140659
BMW,Caja para dos,89024
Chevrolet,Combo para dos,36005
Land Rover,Combo para dos,42682
Mitsubishi,Caja personal,111653
Robinette,Personal,58146
Buddy,Personal,120944
Cross,Combo para dos,34970
Nelson,Combo para dos,21746
Subaru,Personal,45544
Stanley,Personal,15524
Pontiac,Familiar,111199
Cadillac,Combo para dos,145985
Kia,Familiar,145178
Mercedes-Benz,Familiar,82904
Kaila,Caja para dos,55655
Gifford,Familiar,20875
Ford,Personal,144439
Briano,Familiar,29503
Janeva,Caja para dos,54192
Nissan,Familiar,84361
Acura,Combo para dos,141270
Karry,Caja personal,68263
Oswald,Caja personal,26543
Dodge,Combo para dos,116756
Nissan,Caja para dos,107512
Giacinta,Caja personal,37476
Hazlett,Familiar,32206
Irving,Combo para dos,137390
Holden,Caja para dos,22720
Audi,Caja para dos,11149
Pontiac,Caja personal,103832
Nissan,Personal,81092
Les,Familiar,34438
Tymon,Caja para dos,25329
Zollie,Personal,39151
Buick,Personal,14082
Hubert,Combo para dos,98526
Ram,Familiar,33397
Nanice,Combo para dos,109853
Toyota,Caja para dos,81406
Phil,Caja para dos,48707
Rebekkah,Personal,123332
Amaleta,Caja para dos,133052
Pontiac,Caja para dos,84107
Brynne,Familiar,128212
Acura,Personal,74809
Tybi,Caja para dos,100456
Frannie,Caja para dos,138536
Zola,Combo para dos,79615
BMW,Combo para dos,102663
Shelba,Caja personal,110695
Anallese,Caja personal,98868
Morten,Combo para dos,105512
Volkswagen,Familiar,130047
Nissan,Personal,92604
Eugenie,Caja para dos,45256
Volkswagen,Caja para dos,94252
GMC,Combo para dos,32918
Dodge,Personal,54936
Gail,Caja personal,149445
Alfa Romeo,Caja personal,104596
Virgie,Personal,39458
Toyota,Combo para dos,119932
Acura,Caja personal,14319
Hildy,Caja personal,67895
Maybach,Caja personal,27628
Hyundai,Personal,142390
Nissan,Combo para dos,104640
Honda,Caja personal,63550
Rog,Combo para dos,30886
Ford,Caja para dos,115979
Charlton,Familiar,147485
Enrico,Combo para dos,43131
Land Rover,Combo para dos,128826
Sherlock,Caja personal,90924
Buick,Combo para dos,16935
Archibaldo,Caja para dos,81635
Phylis,Caja para dos,146219
Trude,Caja para dos,95806
Herbert,Personal,79741
Conny,Caja personal,52001
Ford,Caja personal,73835
Geo,Combo para dos,45889
Calv,Combo para dos,74529
Arlyn,Personal,44086
Mercury,Familiar,124327
BMW,Personal,65600
Jamie,Caja para dos,106057
Erminia,Caja para dos,1686
Jefferey,Combo para dos,46935
Land Rover,Caja para dos,15775
Trude,Personal,60975
Harlene,Caja personal,149825
Maddi,Caja para dos,135336
Lexus,Caja personal,88567
Isa,Familiar,23302
Volkswagen,Caja para dos,15947
Mareah,Caja personal,110480
Pontiac,Caja personal,145272
Mazda,Caja personal,60306
Lincoln,Combo para dos,140660
Infiniti,Combo para dos,35738
Arroz del puerto,Caja personal,21824
Cos,Caja para dos,28478
Wilmette,Personal,66866
Mercury,Personal,3833
Isuzu,Caja personal,97360
Krissie,Personal,143687
Penny,Combo para dos,22549
Ilaire,Personal,124301
Leela,Combo para dos,39798
Quill,Caja para dos,72622
Elle,Familiar,134936
Chevrolet,Caja personal,94022
Simone,Personal,89540
Dido,Familiar,107891
Chevrolet,Personal,31701
Hendrika,Caja personal,57701
Lexus,Personal,80156
Maris,Personal,113574
Gregor,Personal,16984
Audi,Caja para dos,46093
Claudelle,Personal,11523
Ford,Familiar,44173
Audi,Personal,79673
Paolo,Caja personal,78307
Charmine,Personal,125304
Mercedes-Benz,Caja para dos,19177
Cadillac,Combo para dos,104454
Terrell,Familiar,65786
Far,Combo para dos,2248
Petra,Personal,17798
Land Rover,Caja para dos,8244
Audi,Caja para dos,71627
Stephen,Combo para dos,80740
Hyundai,Familiar,17016
Rog,Caja para dos,32507
Dore,Combo para dos,117460
Georgie,Caja para dos,68911
Dierdre,Caja personal,137102
Matthaeus,Personal,106057
Lincoln,Personal,14332
Dallas,Familiar,63589
Kia,Combo para dos,98080
Rickey,Caja personal,98064
Weston,Familiar,24077
Pontiac,Familiar,64937
Mitsubishi,Personal,116598
Ford,Personal,7646
Subaru,Caja para dos,30588
Ford,Caja personal,53109
Angele,Familiar,23598
Ferrari,Personal,75918
Far,Combo para dos,98273
Jeep,Caja personal,134299
Suzuki,Caja para dos,119419
Brice,Familiar,18926
Suzuki,Familiar,25564
Colet,Familiar,31772
Arlyn,Combo para dos,87341
Nissan,Caja para dos,109778
Ellis,Caja personal,8958
Blanch,Personal,25568
Saturn,Caja para dos,123799
Elsbeth,Caja personal,147223
Luciano,Combo para dos,25899
Charmine,Combo para dos,147245
Subaru,Personal,56824
Regen,Personal,141773
Jeep,Personal,22654
Mazda,Caja para dos,44344
Mercedes-Benz,Caja personal,116144
Pontiac,Familiar,141130
Weston,Caja para dos,45494
Chevrolet,Caja para dos,73664
Mitsubishi,Combo para dos,55206
Infiniti,Personal,149878
Saturn,Personal,129956
Clive,Caja personal,32398
Katlin,Caja personal,55684
Aluino,Caja personal,144675
Justine,Personal,103013
Ode,Personal,105259
Chevrolet,Personal,135996
Odille,Personal,115878
Richie,Combo para dos,7209
Dodge,Personal,69079
Suzuki,Caja personal,47014
Hayden,Familiar,36074
Orelee,Combo para dos,139297
Cadillac,Caja para dos,124761
Land Rover,Combo para dos,119388
Lincoln,Combo para dos,14033
Carlin,Familiar,146427
Ford,Personal,67474
Pembroke,Personal,8503
Dodge,Caja personal,57760
Grata,Caja personal,99337
Mercedes-Benz,Combo para dos,1142
Chevrolet,Combo para dos,140644
Hedwiga,Personal,8663
Mercedes-Benz,Combo para dos,140392
Randa,Caja personal,122822
Cristobal,Personal,114532
Cadillac,Caja para dos,15230
Ford,Familiar,149843
Gwenora,Combo para dos,131601
Algernon,Caja para dos,1599
GMC,Combo para dos,133463
Kia,Caja personal,28342
Chevrolet,Caja para dos,135588
Honda,Caja para dos,46285
Volkswagen,Familiar,48270
Ford,Familiar,13043
Aluino,Combo para dos,30583
Melisent,Personal,127855
Hershel,Personal,144346
Lamborghini,Caja personal,115949
Jaguar,Familiar,109631
Volkswagen,Caja personal,18662
Mazda,Caja personal,62116
Blondy,Familiar,78435
Ford,Caja personal,133001
GMC,Familiar,106981
Hamel,Familiar,25790
Theressa,Caja para dos,47682
Chevrolet,Caja para dos,67429
Harlene,Caja para dos,9261
Arlyn,Familiar,33820
Toyota,Caja para dos,36727
Odey,Caja para dos,53850
Volvo,Caja para dos,144897
Mazda,Caja personal,65852
Willa,Caja personal,106399
Land Rover,Caja para dos,120008
Corly,Familiar,149232
Staffard,Caja personal,75356
Volvo,Personal,89721
Ingunna,Familiar,33497
Jeep,Caja personal,97866
Leela,Personal,146999
Dodge,Familiar,67504
Evangelia,Familiar,102005
Mercury,Personal,48518
Studebaker,Familiar,106502
Arabelle,Caja personal,104607
Flory,Caja personal,95836
Lisbeth,Caja para dos,105683
Marshal,Caja para dos,52601
Caryl,Personal,81534
BMW,Caja para dos,118151
Mira,Personal,111471
Chevrolet,Combo para dos,139475
Sinclare,Caja personal,147770
Mercedes-Benz,Caja para dos,77260
Amaleta,Caja personal,96025
Nissan,Familiar,63250
Ford,Caja para dos,51812
Ford,Personal,131684
Jeep,Caja para dos,116575
Reid,Caja para dos,65548
Cadillac,Familiar,58955
Ford,Caja para dos,78386
Quintana,Combo para dos,142625
Saturn,Personal,66958
Saab,Familiar,140852
Birdie,Personal,94861
Dolf,Caja personal,128960
Krista,Familiar,9665
Dodge,Caja para dos,56504
Chevrolet,Caja para dos,61003
Brynne,Personal,86520
Chevrolet,Caja personal,8597
Kirstyn,Familiar,108840
Honda,Caja para dos,51945
Kia,Combo para dos,130426
Jerald,Personal,74805
Buick,Familiar,54627
Toyota,Familiar,126965
Huey,Combo para dos,117697
Rurik,Caja personal,124030
Oldsmobile,Personal,115258
Pontiac,Combo para dos,66187
Mercedes-Benz,Familiar,122463
Hadrian,Combo para dos,95848
Toyota,Caja personal,135252
Stesha,Caja para dos,108743
Bentley,Caja para dos,16370
Claiborn,Combo para dos,30748
Ford,Personal,52677
Kia,Familiar,41221
Jeep,Caja personal,43308
Cleve,Personal,46710
Krista,Caja personal,44471
Lexus,Caja para dos,56116
Lincoln,Combo para dos,68099
Renault,Personal,75826
Gustaf,Familiar,55581
Saxe,Familiar,1990
Toyota,Combo para dos,40821
Tonnie,Caja personal,51767
Eberhard,Caja personal,89558
Quintana,Caja personal,62677
Courtenay,Caja para dos,45052
Fletch,Caja personal,115143
Suzuki,Personal,86989
Joan,Familiar,92569
Brice,Combo para dos,109292
GMC,Caja personal,35735
Lotus,Personal,44528
Jaime,Personal,65655
Ford,Personal,66801
Meredith,Caja personal,34314
Lyndsey,Personal,45378
Georgie,Caja para dos,24307
Plymouth,Caja personal,23196
BMW,Familiar,120416
Ardene,Combo para dos,116254
Cadillac,Caja personal,105499
Teddy,Combo para dos,34964
Audi,Personal,68514
GMC,Personal,65752
Shermie,Combo para dos,129949
Ferne,Familiar,108124
Aston Martin,Familiar,63909
Lelia,Personal,139715
MINI,Personal,50702
Randa,Caja para dos,102064
Oldsmobile,Familiar,31190
Pontiac,Familiar,122876
Volkswagen,Caja para dos,29818
Toyota,Combo para dos,121723
Volkswagen,Caja personal,106203
Chevrolet,Caja para dos,32616
Tymon,Personal,28321
Una,Familiar,33112
Tiphany,Familiar,67088
Saab,Personal,77305
Lizzy,Personal,112380
Rubie,Combo para dos,123451
Kia,Caja para dos,59972
Ford,Combo para dos,41576
Oldsmobile,Personal,16181
Chevrolet,Familiar,58738
Caryn,Caja para dos,29169
Tiff,Personal,64819
Benton,Personal,143488
Scion,Caja para dos,23106
Nissan,Caja para dos,45688
Baudoin,Familiar,54293
Goldy,Caja para dos,78190
Dodge,Personal,8993
Teresa,Familiar,141136
Hunter,Caja para dos,96145
Infiniti,Familiar,38531
Giffy,Personal,95150
Flossy,Caja personal,50225
Dodge,Caja personal,108751
Lexus,Combo para dos,43281
Brynne,Personal,138437
Nissan,Personal,130677
Maryrose,Familiar,138795
Thelma,Personal,139526
Ricard,Familiar,2612
Toyota,Caja personal,45608
Dodge,Caja para dos,50332
Arvy,Personal,10977
Oldsmobile,Combo para dos,85580
Philippine,Combo para dos,88667
Chancey,Combo para dos,39014
Etta,Combo para dos,55328
Smith,Caja personal,5709
Infiniti,Familiar,122356
Mitsubishi,Personal,148487
Toyota,Caja para dos,101447
Toyota,Personal,104935
Town,Combo para dos,6016
Bernita,Caja para dos,43254
Hyundai,Personal,134593
Dodge,Combo para dos,63738
Hallsy,Personal,106823
Nanete,Familiar,44500
Nanete,Caja para dos,95884
Mitsubishi,Personal,94570
Saturn,Caja personal,75315
Anni,Caja para dos,134429
Martita,Personal,137775
BMW,Combo para dos,37637
Maurice,Personal,134114
Volkswagen,Caja para dos,44727
Enrika,Familiar,39951
Mercedes-Benz,Caja personal,15359
Chrysler,Caja personal,68671
Cherise,Caja personal,142477
Zara,Caja personal,111473
Appolonia,Combo para dos,93590
Hugo,Familiar,140899
Rupert,Personal,75508
Lindy,Caja personal,143208
Mercedes-Benz,Combo para dos,18103
Toyota,Familiar,57403
Jamal,Personal,118239
Lincoln,Combo para dos,107752
Buick,Combo para dos,53652
Reinwald,Caja para dos,107191
Parrnell,Combo para dos,5810
Sadie,Caja personal,25847
Pontiac,Familiar,139420
GMC,Combo para dos,131563
Toyota,Combo para dos,42604
Trev,Caja personal,24844
Volkswagen,Combo para dos,22627
Paige,Personal,101818
Subaru,Caja personal,99997
Ferrari,Familiar,137957
Hubey,Combo para dos,26762
Karina,Personal,106005
Darice,Combo para dos,38991
Ashlee,Caja para dos,133416
Volkswagen,Caja para dos,94042
Honda,Caja para dos,64216
Estrellita,Caja personal,32801
Dodge,Personal,58964
Skyler,Caja personal,132298
Chevrolet,Combo para dos,115237
Kingsley,Personal,12543
Ford,Personal,111771
Charlie,Caja para dos,71717
Tiebold,Caja para dos,94171
Ford,Familiar,68927
Honda,Familiar,135375
Audi,Combo para dos,5290
Staffard,Caja para dos,108834
Volkswagen,Caja para dos,116166
Filmer,Familiar,46590
Volvo,Caja para dos,93941
Skelly,Familiar,93093
Rosmunda,Combo para dos,19316
Skipper,Combo para dos,3913
Saloma,Personal,128869
Chrysler,Familiar,67056
Dewitt,Caja para dos,34988
Jeep,Personal,10150
Cadillac,Combo para dos,78790
Flor,Caja para dos,46533
Lincoln,Caja para dos,13744
Honda,Caja para dos,19602
Ford,Combo para dos,99807
Josephina,Caja para dos,23323
Toyota,Caja para dos,10038
Arroz Valluno,Combo para dos,70240
Kingsley,Personal,98039
Mendie,Familiar,118164
Katie,Caja personal,41662
Adele,Caja para dos,112630
Lincoln,Combo para dos,105180
Aurel,Personal,85879
Chevrolet,Personal,45468
Marie-jeanne,Caja personal,2269
Dodge,Familiar,83650
GMC,Caja para dos,88293
Edlin,Combo para dos,123493
GMC,Combo para dos,113962
Padriac,Caja personal,75460
Jefferey,Combo para dos,142052
Trevar,Familiar,13526
Patsy,Familiar,54361
Mohandas,Combo para dos,89251
Leticia,Caja personal,5372
Acura,Familiar,67746
Dodge,Familiar,64998
Subaru,Caja para dos,91882
Dido,Combo para dos,120621
Mitsubishi,Familiar,64902
Kia,Familiar,122967
Volkswagen,Combo para dos,93141
Mitsubishi,Familiar,40747
Ford,Caja personal,106317
Chevrolet,Caja personal,43542
Bentley,Personal,57264
Chlo,Familiar,36094
Ford,Familiar,85535
Meridel,Familiar,37717
Volvo,Familiar,14522
Alidia,Personal,126956
Katie,Familiar,71387
Lincoln,Combo para dos,14263
Barbabas,Familiar,63749
Weston,Combo para dos,96408
Conny,Combo para dos,79577
Lea,Combo para dos,56457
Barbara,Combo para dos,63424
Lothario,Personal,76994
Chrysler,Familiar,49694
Austin,Caja para dos,78036
Honda,Combo para dos,106170
Welsh,Familiar,36487
Nelson,Caja para dos,81869
Pontiac,Caja para dos,93837
Helga,Combo para dos,36928
Kia,Combo para dos,5333
Myrle,Caja personal,113039
BMW,Combo para dos,141579
Chevrolet,Caja personal,27360
Vernor,Caja para dos,1415
Vivie,Personal,123456
Toyota,Caja personal,104078
Emera,Familiar,75548
Wainwright,Caja para dos,62153
Chevrolet,Combo para dos,125082
Kim,Familiar,106722
Aston Martin,Combo para dos,138495
Sonja,Familiar,121219
Richie,Familiar,56874
Pauly,Caja personal,105894
Subaru,Caja personal,41659
Quinton,Caja personal,18918
Cherise,Combo para dos,138788
Anabal,Familiar,106471
Audi,Combo para dos,50574
Leela,Combo para dos,97819
Rolls-Royce,Caja para dos,7033
Abigael,Familiar,146734
Margery,Caja para dos,101423
Mitsubishi,Caja personal,104240
Fredi,Personal,102335
Phedra,Caja para dos,102871
Ford,Caja para dos,62680
Lauren,Personal,2412
Nissan,Caja personal,62683
Denice,Caja para dos,137800
Jania,Personal,137544
Dodge,Caja para dos,140889
Dodge,Caja personal,117557
Chevrolet,Familiar,21863
Ferne,Combo para dos,63468
Lola,Combo para dos,42803
Tomkin,Caja para dos,7756
Dilly,Caja para dos,52730
Ford,Familiar,117090
Toyota,Personal,14023
Wilmette,Caja personal,104650
Chrysler,Combo para dos,32719
Acura,Familiar,37195
Bentley,Caja para dos,60618
Mercedes-Benz,Caja personal,125404
GMC,Personal,103818
Cheston,Caja para dos,142348
Chevrolet,Personal,68969
Boy,Familiar,148157
Filmer,Personal,35618
Dodge,Combo para dos,93720
Plymouth,Familiar,45240
Fina,Familiar,76085
Virgie,Familiar,63660
Una,Combo para dos,140355
Fletch,Combo para dos,62887
Kenny,Familiar,118009
Donny,Caja personal,55242
Pontiac,Combo para dos,144060
Chevrolet,Caja para dos,22331
Ferdie,Caja para dos,136024
Charlton,Combo para dos,86409
Charlie,Familiar,46135
Hugo,Caja personal,93720
Subaru,Caja personal,137778
Mercedes-Benz,Combo para dos,146036
Kia,Combo para dos,131727
Judith,Combo para dos,51720
Nissan,Combo para dos,25047
Nissan,Personal,35879
Junia,Caja para dos,41819
GMC,Personal,61817
Mercedes-Benz,Caja para dos,136582
Nissan,Combo para dos,48060
Lexus,Familiar,135826
Leonore,Personal,55931
Parrnell,Caja para dos,45707
Dodge,Caja para dos,122435
Arroz a la barbacoa,Combo para dos,63869
Toyota,Caja para dos,142398
Hobey,Caja para dos,73892
Mercedes-Benz,Caja para dos,87794
Dodge,Familiar,60057
Feliks,Caja para dos,88126
Honda,Caja personal,16701
Kia,Personal,15623
Edlin,Caja personal,131714
Yardley,Caja personal,146588
Gael,Caja para dos,106430
Paige,Caja para dos,106592
Marisa,Combo para dos,84302
Dodge,Caja para dos,41128
Skyler,Caja para dos,100855
Donica,Caja personal,30618
Ford,Familiar,10742
Nanice,Familiar,50531
Weylin,Personal,130048
Ford,Combo para dos,22356
Hummer,Personal,66430
Toyota,Familiar,38594
Sherlock,Caja para dos,132384
Leontyne,Combo para dos,14393
Nissan,Caja para dos,144380
Dodge,Personal,124661
Phylis,Caja para dos,90129
Lane,Familiar,112726
Brynn,Combo para dos,60364
Toyota,Familiar,149028
Maurice,Caja para dos,82167
Mercedes-Benz,Personal,91503
Ode,Caja para dos,59267
Chalmers,Caja personal,55276
Sampson,Combo para dos,78248
Mercedes-Benz,Personal,77381
Saab,Combo para dos,131678
Melisa,Combo para dos,112006
Lincoln,Caja personal,98778
Eagle,Personal,63628
Volvo,Caja personal,24219
Dodge,Familiar,50743
Hobey,Caja para dos,10908
Dene,Caja para dos,57756
Hyundai,Personal,39677
Chevrolet,Personal,15010
Devora,Familiar,62423
Sharon,Personal,131107
Jeri,Combo para dos,132702
Lola,Caja personal,71184
Toyota,Combo para dos,111626
Joice,Caja personal,107150
Murvyn,Familiar,14189
Meridel,Combo para dos,134660
Vivie,Familiar,15248
Pontiac,Combo para dos,71277
Chevrolet,Familiar,139172
Irving,Personal,84260
Rosene,Familiar,46961
Chrysler,Caja personal,109097
Horatia,Personal,21015
Ferrel,Personal,14795
Chevrolet,Combo para dos,1846
GMC,Personal,110993
Calv,Combo para dos,136684
Missy,Combo para dos,122797
Audi,Caja para dos,15582
Ado,Familiar,96260
Arvy,Caja para dos,20483
Georgeanne,Combo para dos,110407
Honda,Familiar,126978
Ruggiero,Familiar,31242
Saab,Caja para dos,57473
Sayre,Familiar,144659
Aubrey,Familiar,56522
Desayuno,Combo para dos,46188
GMC,Personal,131344
MINI,Caja para dos,21083
Mitsubishi,Caja personal,9776
Mitsubishi,Caja para dos,22508
Katrinka,Personal,64171
Audi,Personal,39244
Cadillac,Combo para dos,66468
Inness,Caja para dos,20855
Toyota,Combo para dos,100114
Isabel,Caja para dos,69365
Clemmy,Combo para dos,6598
Porsche,Caja personal,73654
Meris,Caja para dos,115831
Dodge,Personal,107259
Mercedes-Benz,Combo para dos,6244
Toyota,Combo para dos,144057
Suzuki,Caja para dos,22612
Kassandra,Personal,16664
Mercedes-Benz,Combo para dos,8658
Chevrolet,Personal,133356
Oldsmobile,Caja personal,81378
Chevrolet,Caja para dos,11224
Porsche,Familiar,91460
Chevrolet,Familiar,100470
Mercedes-Benz,Caja personal,28435
Lola,Combo para dos,135610
GMC,Combo para dos,116910
Tomkin,Caja personal,28836
Mazda,Familiar,25352
Chevrolet,Familiar,83902
Dodge,Caja para dos,118368
Olenka,Combo para dos,37116
Maxie,Personal,109210
Lexus,Personal,39035
Daewoo,Familiar,130735
Sam,Familiar,110686
Jesselyn,Personal,107710
Chevrolet,Caja para dos,102635
Phil,Combo para dos,77876
Cadillac,Familiar,27878
Candida,Familiar,146219
Mercedes-Benz,Personal,91822
Subaru,Caja personal,144672
Honda,Familiar,105192
Renault,Caja para dos,4065
Shanan,Caja para dos,82183
Isador,Caja para dos,89185
Nissan,Combo para dos,20975
Dodge,Familiar,36056
Subaru,Caja para dos,115508
Ford,Combo para dos,70228
Hazlett,Caja para dos,68646
Moore,Familiar,46397
Lesley,Combo para dos,104032
Tomas,Caja para dos,13551
Audi,Caja personal,126918
Jenica,Combo para dos,143405
Ingaborg,Caja para dos,106505
Nick,Caja para dos,114780
Donia,Personal,37435
GMC,Combo para dos,58496
Pontiac,Personal,54397
Honda,Familiar,74405
Natty,Personal,8781
MINI,Familiar,111824
Mercedes-Benz,Combo para dos,142151
Stanley,Familiar,149366
GMC,Caja personal,145311
Eberhard,Combo para dos,65763
Hummer,Caja personal,4822
Filmer,Personal,23158
Ford,Personal,30538
Cadillac,Personal,52247
Mazda,Familiar,116840
Terrell,Personal,36473
Corbin,Combo para dos,54538
Chrysler,Caja personal,141882
Lonnard,Combo para dos,44799
Dodge,Caja personal,119604
Rodolphe,Combo para dos,20201
Chevrolet,Personal,131469
Lucretia,Caja para dos,19587
Brynne,Caja personal,100319
Audi,Personal,26413
Annabelle,Caja para dos,20268
Lauren,Combo para dos,107528
Pauly,Personal,32589
Vernor,Caja personal,82387
Donica,Caja personal,14380
Lari,Personal,125158
Eugenie,Caja para dos,73068
GMC,Personal,141749
Mercedes-Benz,Caja para dos,149331
Hummer,Caja personal,1468
Sonja,Familiar,133862
Tedd,Familiar,98625
Fin,Familiar,109297
Dodge,Familiar,72066
Alexei,Personal,4896
Dodge,Caja para dos,49157
Chevrolet,Personal,92238
Toyota,Combo para dos,117613
Mazda,Caja para dos,41175
Kent,Personal,69945
Lincoln,Personal,52595
Skelly,Caja personal,147809
Renault,Personal,84925
Mercedes-Benz,Personal,65757
Audi,Caja personal,42785
Tomkin,Caja para dos,8534
Rosene,Personal,107486
Maybach,Caja para dos,7551
Acura,Combo para dos,55242
Phelia,Caja personal,56626
Hersh,Caja personal,137962
Lamborghini,Familiar,148344
Dunstan,Familiar,37892
Earlie,Caja para dos,33098
Wainwright,Familiar,79984
BMW,Caja personal,18702
Ram,Combo para dos,120417
Candida,Familiar,129237
Stanley,Caja para dos,140732
Northrop,Caja para dos,149042
Ford,Caja para dos,124468
Mercedes-Benz,Caja para dos,114816
Ulrike,Caja para dos,99979
Mercury,Caja para dos,67755
Hyundai,Familiar,19573
Alisun,Combo para dos,53696
Audi,Caja para dos,31026
Volvo,Combo para dos,141298
Mazda,Familiar,15807
Teador,Combo para dos,140006
Jeep,Personal,62734
MINI,Caja para dos,108033
Ford,Familiar,74096
Audi,Combo para dos,146619
Powell,Familiar,68216
Cadillac,Personal,129455
Anatol,Caja personal,115127
Skyler,Caja personal,34638
Sayre,Combo para dos,101386
Chevrolet,Familiar,145633
Jeanelle,Caja para dos,101510
Angelo,Personal,139453
Randa,Caja personal,134672
Rodolphe,Familiar,5772
Andonis,Familiar,12241
Mitsubishi,Caja para dos,127426
Tomkin,Familiar,72244
Ford,Personal,111932
Lexus,Combo para dos,77769
GMC,Personal,5997
Phylis,Combo para dos,114621
Abigael,Caja personal,129044
Mercury,Personal,58001
Alexandra,Familiar,121682
Chevrolet,Familiar,110394
Forester,Caja personal,68952
Merkur,Familiar,100151
Isidora,Personal,118246
Bunnie,Caja para dos,66798
Volvo,Familiar,34186
Hirsch,Caja para dos,37096
Amaleta,Personal,19842
Nelson,Combo para dos,142485
Quintana,Personal,8156
Buick,Combo para dos,34873
Morrie,Combo para dos,18949
Daewoo,Caja personal,52594
Refrigerio,Caja personal,128189
Jed,Familiar,54412
Land Rover,Caja para dos,55776
Marcia,Caja para dos,97591
Land Rover,Caja para dos,145573
Dodge,Familiar,114610
Phelia,Personal,147728
Chrysler,Combo para dos,73124
Tomlin,Caja para dos,108418
Gerrie,Familiar,124768
Gearalt,Combo para dos,130417
Volvo,Caja para dos,95734
Hyundai,Caja para dos,38564
Jaguar,Caja para dos,126908
Arabelle,Caja para dos,126000
Noah,Personal,135972
BMW,Caja personal,109417
Pontiac,Familiar,137954
BMW,Caja para dos,139964
Saab,Caja para dos,27766
Dal,Personal,96660
Chevrolet,Personal,3232
Denice,Combo para dos,3835
Ford,Personal,137359
Dodge,Combo para dos,18601
Maybach,Personal,60204
GMC,Familiar,44593
Lincoln,Familiar,20689
Archibold,Combo para dos,95274
Willa,Caja para dos,139396
Kay,Caja para dos,25107
Teador,Caja para dos,9611
Lincoln,Combo para dos,69055
Amelie,Caja personal,11328
Any,Combo para dos,49014
Jaguar,Caja para dos,135370
GMC,Caja personal,140762
Raimondo,Caja personal,53525
Mitsubishi,Caja para dos,89353
Chrysler,Combo para dos,60133
Tomkin,Familiar,107587
Mercedes-Benz,Personal,1679
Candida,Combo para dos,20394
Jamal,Combo para dos,86973
Volkswagen,Caja personal,104677
Taylor,Familiar,6187
Buick,Caja personal,41694
Infiniti,Familiar,134245
Lexus,Personal,57145
Roxy,Personal,19642
Dido,Familiar,126813
Northrop,Caja para dos,48157
Chevrolet,Caja para dos,79865
Bentley,Personal,113574
Meris,Caja personal,87928
Mercedes-Benz,Personal,149265
Etta,Caja para dos,124857
Myrle,Familiar,18157
Farris,Caja personal,17435
Jesselyn,Personal,97500
Leonidas,Caja para dos,107450
Ambrosi,Personal,14743
Subaru,Caja para dos,5720
Cadillac,Caja para dos,122620
Suzuki,Combo para dos,139945
Buick,Combo para dos,139202
Volkswagen,Caja para dos,77614
Marshal,Personal,101782
Bernetta,Familiar,47309
Chevrolet,Caja para dos,77482
Pontiac,Caja para dos,147491
Editha,Familiar,75849
Chalmers,Combo para dos,35365
Rhea,Combo para dos,18649
Phedra,Personal,32590
Rosmunda,Personal,106056
Cadillac,Familiar,144770
Adriano,Caja para dos,113306
Lamborghini,Caja personal,108766
Ranique,Caja para dos,21564
Garrard,Caja personal,21345
Chrysler,Familiar,84337
Mira,Familiar,34326
Louise,Familiar,81721
BMW,Caja para dos,99565
Mazda,Personal,144789
GMC,Caja para dos,74195
Saab,Combo para dos,8224
Chevrolet,Caja para dos,25897
Mitsubishi,Caja para dos,81061
Lefty,Caja para dos,110386
Audi,Caja personal,115447
Dodge,Familiar,52458
Caryl,Combo para dos,95974
Dallas,Personal,30814
Toyota,Personal,12974
Carissa,Combo para dos,4222
Hildy,Caja para dos,46508
Sayre,Caja para dos,50276
Flor,Caja personal,20688
Chevrolet,Familiar,17699
Gwenora,Caja personal,146922
Volkswagen,Personal,132718
Ulrick,Caja personal,140926
Porsche,Caja para dos,129777
Ford,Caja para dos,17289
Ford,Caja personal,13871
Chevrolet,Familiar,15939
Molli,Personal,129038
Mitsubishi,Personal,44580
Chevrolet,Caja personal,65056
Glynn,Caja personal,83621
Harrie,Combo para dos,48759
Kia,Caja para dos,69298
Adriano,Caja para dos,85147
Ava,Caja personal,132296
Cadillac,Caja para dos,121220
Mitsubishi,Caja personal,96715
GMC,Caja personal,103408
Clive,Combo para dos,96283
Volvo,Familiar,77923
Saturn,Caja para dos,57621
Dodge,Personal,138005
Rozanne,Caja personal,138415
Paolo,Personal,90951
Moore,Caja personal,131710
Volkswagen,Personal,33748
Toyota,Familiar,28771
Codie,Combo para dos,139666
Oldsmobile,Combo para dos,42128
Natty,Personal,141790
Nissan,Caja para dos,93976
Daewoo,Caja personal,25913
Sansone,Caja personal,73257
Ford,Caja personal,42896
Dido,Caja para dos,37270
Marchall,Personal,42489
Subaru,Caja para dos,102321
Infiniti,Familiar,97734
Charmine,Familiar,136216
Katalin,Familiar,36704
Claudelle,Personal,69132
Pontiac,Combo para dos,3931
Saab,Familiar,61256
Tiphany,Caja personal,76032
Chevrolet,Caja personal,147566
Wainwright,Familiar,127976
Arroz Vegetariano,Combo para dos,140726
Audi,Combo para dos,104394
Jaguar,Personal,34951
Barron,Caja para dos,94207
BMW,Combo para dos,34472
Honda,Personal,135037
Ford,Caja personal,85976
Chrysler,Caja personal,138569
Dodge,Familiar,3217
Algernon,Caja personal,107121
Alisun,Combo para dos,97286
Antoine,Familiar,3910
Sayre,Caja personal,122817
Cadillac,Caja para dos,45274
Buick,Caja personal,64605
Brynne,Caja personal,28333
Odo,Caja para dos,42909
Emeline,Caja personal,98706
Volkswagen,Combo para dos,118256
Joice,Caja personal,30613
Estrellita,Combo para dos,115574
Jed,Personal,4937
Murvyn,Personal,32150
Mira,Caja para dos,116822
Chevrolet,Personal,50924
Mercedes-Benz,Personal,139266
Land Rover,Caja personal,148247
Mab,Caja personal,116295
Mitsubishi,Personal,121872
Chrysler,Personal,83408
Cindra,Combo para dos,60574
Hamil,Caja para dos,3258
Reba,Caja personal,39439
Sonja,Caja personal,129770
Volkswagen,Familiar,2412
Toyota,Familiar,94763
Lari,Combo para dos,40587
Lindon,Personal,112958
Chop Suey,Familiar,147300
Angelo,Personal,67220
Foose,Combo para dos,98065
Toyota,Caja para dos,51721
Holden,Combo para dos,109572
Calv,Caja para dos,69832
Murvyn,Combo para dos,98473
Saturn,Caja personal,113837
Harlen,Familiar,107460
Ford,Caja personal,66913
Mercury,Personal,149626
Mab,Familiar,38458
Carlin,Combo para dos,3780
Cadillac,Familiar,44714
Dodge,Caja para dos,64145
Talbert,Caja personal,70858
Acura,Familiar,60250
Hershel,Caja personal,81455
Evangelin,Caja para dos,127474
Foose,Personal,133880
Iver,Familiar,19544
Mitsubishi,Personal,96617
Glynn,Combo para dos,141286
Nowell,Personal,92156
Volkswagen,Caja para dos,71746
Ara,Caja personal,2918
GMC,Caja para dos,95420
Dodge,Personal,101490
Pontiac,Caja para dos,127160
Dore,Personal,25307
Mitsubishi,Caja personal,145531
Rog,Personal,37443
Jaguar,Combo para dos,112875
Louise,Combo para dos,54148
Koralle,Personal,108596
Toyota,Familiar,25886
Volkswagen,Caja para dos,3571
Arvy,Familiar,29320
Acura,Caja para dos,141758
Mitsubishi,Familiar,136602
Saab,Personal,57839
Bordie,Caja para dos,141249
Lincoln,Personal,78740
Micah,Combo para dos,125879
BMW,Caja personal,39009
Volvo,Caja personal,96942
Lindy,Caja para dos,108846
Pontiac,Personal,25487
Volkswagen,Caja para dos,27041
Lisbeth,Caja para dos,96507
Etan,Combo para dos,113037
Rickey,Caja personal,60642
Toyota,Caja para dos,60869
Suzuki,Caja personal,55933
Ford,Familiar,57038
Mercedes-Benz,Familiar,102464
Chop Suey,Familiar,76970
Ford,Personal,75830
Rogers,Combo para dos,10042
Nobie,Caja personal,23304
Gabrila,Caja para dos,116252
Volvo,Combo para dos,89545
Mitsubishi,Caja para dos,47399
Toyota,Caja para dos,96466
Aluino,Caja personal,119893
Volkswagen,Personal,24273
Archambault,Personal,20313
Rosabelle,Personal,24417
Lincoln,Personal,80855
Chevrolet,Caja personal,60722
Abran,Caja personal,137055
Pontiac,Combo para dos,19458
Ram,Personal,12628
Aile,Caja personal,35255
Abran,Combo para dos,122705
Dodge,Caja personal,11844
Shelly,Combo para dos,15892
Mazda,Combo para dos,81914
BMW,Caja personal,14015
Ward,Familiar,132458
Jefferey,Personal,54295
Regen,Combo para dos,143737
Cherise,Combo para dos,128512
Chevrolet,Familiar,24024
Far,Personal,145966
