Gleda,Makey,1,Jennie,Fuscia
Gae,Bourtoumieux,2,Faun,Violet
Briana,Stilliard,3,Floris,Red
Wandis,Tocknell,4,Wilburt,Pink
Edi,Jouannot,5,Teddie,Pink
Sharla,Kearford,6,Susana,Maroon
Juline,Mousdall,7,Ronni,Khaki
Rozalie,Paskin,8,Sissie,Mauv
Ellary,Garaghan,9,Justinian,Purple
Ynez,Burt,10,Damara,Red
Cal,Scutts,11,Rochelle,Crimson
Hildegarde,Sparling,12,Findley,Violet
Frederich,Ughelli,13,Michele,Teal
Teodoro,Hasel,14,Patience,Purple
Kari,Mullally,15,Lexis,Purple
Bethina,Thebeau,16,Michal,Orange
Nolly,Poker,17,Parnell,Teal
Ariel,Reck,18,Felicle,Red
Beth,Wooster,19,Aggie,Crimson
Colene,Fitzpayn,20,Mira,Purple
Amanda,Kornilyev,21,Frasquito,Puce
Nikkie,Denerley,22,Parsifal,Fuscia
Nesta,Dumingos,23,Chris,Teal
Nomi,Marshfield,24,Kristine,Mauv
Ronnie,Cajkler,25,Claudette,Purple
Cynthea,Jeanequin,26,Hetti,Maroon
Candi,Onn,27,Harmon,Purple
Cash,Cockren,28,Terza,Crimson
Peggi,Rampling,29,Kym,Yellow
Leroi,Grafham,30,Mahalia,Khaki
Ewart,McGrorty,31,Andie,Goldenrod
Murdoch,Decort,32,Lee,Purple
Hubey,Dunphy,33,Sigismund,Turquoise
Berk,Eyre,34,Lela,Aquamarine
Arturo,Mansell,35,Launce,Goldenrod
Sabrina,Bavin,36,Town,Purple
Rodolphe,Pelcheur,37,Dorothea,Indigo
Leann,Brosio,38,Collette,Yellow
Gunner,Sinderland,39,Putnem,Pink
Jemie,Paradis,40,Gaylord,Violet
Cullen,Maclean,41,Suzanna,Puce
Romona,Strelitzki,42,Jodie,Blue
Gael,Dannatt,43,Stafani,Purple
Zachariah,Keddie,44,Rockey,Indigo
Keriann,Mateos,45,Eddy,Maroon
Paulette,Ratray,46,Lauretta,Teal
Emelyne,Juza,47,Katti,Red
Emmet,Harcombe,48,Layton,Mauv
Anabella,Cosyns,49,Nell,Maroon
Vidovik,Davinet,50,Susanne,Red
Carina,Boyat,51,Kerry,Green
Jenine,Daws,52,Kelsy,Pink
Siouxie,Livingston,53,Mariann,Teal
Lyssa,Fishleigh,54,Tommie,Mauv
Gauthier,Shawcross,55,Heidie,Pink
Aleta,Pellant,56,Edgardo,Turquoise
Edan,Kneeland,57,Ianthe,Teal
Erinna,Gwyllt,58,Norene,Purple
Felipe,Nannetti,59,Julina,Khaki
Phebe,Lazell,60,Cathee,Orange
Joanie,Gunningham,61,Berri,Teal
Jayme,Jiruca,62,Dalt,Pink
Margeaux,Beckett,63,Xenos,Yellow
Mathe,Bach,64,Rudiger,Puce
Terencio,Kenwin,65,Artair,Purple
Gibby,Uccello,66,Shaylyn,Orange
Haleigh,Depka,67,Dewie,Aquamarine
Cristina,Chitson,68,Nani,Purple
Sandy,Corah,69,Cleveland,Mauv
Lambert,Lamond,70,Matthiew,Teal
Dori,Petel,71,Danny,Goldenrod
Olia,Clayworth,72,Scot,Indigo
Alric,Tingcomb,73,Keith,Teal
Kristos,Spark,74,Rene,Purple
Letti,Jaumet,75,Darrell,Puce
Kendrick,Bourdel,76,Eveline,Mauv
Weber,MacKnight,77,Alphard,Red
Oswell,Grinnell,78,Bendicty,Yellow
Malachi,Fulstow,79,Mercy,Orange
Bard,Romero,80,Everett,Yellow
Dorita,Babin,81,Fayina,Purple
Trent,McWhorter,82,Shelley,Blue
Perry,Yurchenko,83,Vanya,Crimson
Sherri,Benck,84,Aube,Turquoise
Devlin,Deaconson,85,Annabela,Fuscia
Odille,Gostage,86,Welby,Fuscia
Rudiger,Kildale,87,Nil,Pink
Pen,Postan,88,Alley,Turquoise
Katha,Francioli,89,Danni,Mauv
Bronny,Chipchase,90,Elane,Teal
Gaile,Matz,91,Avie,Maroon
Warde,Cuckson,92,Patience,Orange
Darcy,Youster,93,Kristan,Indigo
Phil,Padrick,94,Austine,Aquamarine
Brendin,Instone,95,Tudor,Khaki
Darsie,Miners,96,Vito,Maroon
Bartolemo,Beddoe,97,Mariette,Turquoise
Kathryne,Gleave,98,Margret,Crimson
Lisa,Currao,99,Nerte,Yellow
Aldo,Banbridge,100,Gino,Yellow
